id,descricao,tipo,prioridade,estimativa_horas,horas_reais,data_inicio,data_prevista,data_entregue,foi_atrasada
1,Tarefa 1,bug,média,14,12,2024-06-10,2024-06-10,2024-06-10,0
2,Tarefa 2,melhoria,média,11,17,2024-06-10,2024-06-10,2024-06-10,1
3,Tarefa 3,bug,média,15,15,2024-01-28,2024-01-28,2024-01-28,0
4,Tarefa 4,melhoria,alta,3,11,2024-03-11,2024-03-11,2024-03-11,1
5,Tarefa 5,bug,baixa,17,18,2024-06-21,2024-06-21,2024-06-21,1
6,Tarefa 6,feature,baixa,24,30,2024-03-05,2024-03-06,2024-03-06,1
7,Tarefa 7,feature,baixa,11,10,2024-06-24,2024-06-24,2024-06-24,0
8,Tarefa 8,bug,alta,20,30,2024-02-02,2024-02-02,2024-02-03,1
9,Tarefa 9,bug,alta,21,20,2024-04-17,2024-04-17,2024-04-17,0
10,Tarefa 10,melhoria,baixa,7,12,2024-05-31,2024-05-31,2024-05-31,1
11,Tarefa 11,melhoria,alta,15,14,2024-05-19,2024-05-19,2024-05-19,0
12,Tarefa 12,bug,baixa,2,5,2024-01-12,2024-01-12,2024-01-12,1
13,Tarefa 13,bug,baixa,12,9,2024-05-16,2024-05-16,2024-05-16,0
14,Tarefa 14,melhoria,baixa,5,10,2024-01-22,2024-01-22,2024-01-22,1
15,Tarefa 15,melhoria,alta,24,22,2024-01-03,2024-01-04,2024-01-03,0
16,Tarefa 16,feature,média,2,11,2024-06-28,2024-06-28,2024-06-28,1
17,Tarefa 17,feature,alta,14,13,2024-03-22,2024-03-22,2024-03-22,0
18,Tarefa 18,bug,baixa,2,6,2024-04-10,2024-04-10,2024-04-10,1
19,Tarefa 19,melhoria,alta,18,15,2024-04-20,2024-04-20,2024-04-20,0
20,Tarefa 20,bug,média,24,29,2024-06-22,2024-06-23,2024-06-23,1
21,Tarefa 21,feature,média,17,15,2024-02-04,2024-02-04,2024-02-04,0
22,Tarefa 22,feature,baixa,6,12,2024-04-16,2024-04-16,2024-04-16,1
23,Tarefa 23,bug,baixa,16,15,2024-01-06,2024-01-06,2024-01-06,0
24,Tarefa 24,melhoria,média,14,20,2024-01-16,2024-01-16,2024-01-16,1
25,Tarefa 25,melhoria,alta,10,8,2024-01-10,2024-01-10,2024-01-10,0
26,Tarefa 26,feature,média,23,31,2024-02-05,2024-02-05,2024-02-06,1
27,Tarefa 27,feature,baixa,11,10,2024-03-28,2024-03-28,2024-03-28,0
28,Tarefa 28,feature,alta,21,31,2024-05-27,2024-05-27,2024-05-28,1
29,Tarefa 29,melhoria,alta,15,15,2024-05-19,2024-05-19,2024-05-19,0
30,Tarefa 30,bug,média,13,17,2024-04-10,2024-04-10,2024-04-10,1
31,Tarefa 31,melhoria,média,15,16,2024-04-04,2024-04-04,2024-04-04,1
32,Tarefa 32,bug,baixa,9,12,2024-02-17,2024-02-17,2024-02-17,1
33,Tarefa 33,feature,média,8,7,2024-01-15,2024-01-15,2024-01-15,0
34,Tarefa 34,feature,média,7,14,2024-03-18,2024-03-18,2024-03-18,1
35,Tarefa 35,bug,baixa,11,10,2024-03-16,2024-03-16,2024-03-16,0
36,Tarefa 36,feature,baixa,11,13,2024-05-10,2024-05-10,2024-05-10,1
37,Tarefa 37,bug,baixa,2,3,2024-05-09,2024-05-09,2024-05-09,1
38,Tarefa 38,bug,alta,9,11,2024-06-06,2024-06-06,2024-06-06,1
39,Tarefa 39,melhoria,média,14,12,2024-01-15,2024-01-15,2024-01-15,0
40,Tarefa 40,feature,alta,22,24,2024-03-18,2024-03-18,2024-03-19,1
41,Tarefa 41,bug,baixa,14,13,2024-03-17,2024-03-17,2024-03-17,0
42,Tarefa 42,melhoria,alta,13,22,2024-06-08,2024-06-08,2024-06-08,1
43,Tarefa 43,melhoria,média,12,11,2024-04-21,2024-04-21,2024-04-21,0
44,Tarefa 44,bug,alta,16,24,2024-05-08,2024-05-08,2024-05-09,1
45,Tarefa 45,feature,alta,17,14,2024-06-27,2024-06-27,2024-06-27,0
46,Tarefa 46,bug,média,6,13,2024-02-14,2024-02-14,2024-02-14,1
47,Tarefa 47,melhoria,média,8,7,2024-06-19,2024-06-19,2024-06-19,0
48,Tarefa 48,bug,baixa,15,23,2024-03-22,2024-03-22,2024-03-22,1
49,Tarefa 49,melhoria,média,8,8,2024-01-22,2024-01-22,2024-01-22,0
50,Tarefa 50,feature,baixa,14,24,2024-04-29,2024-04-29,2024-04-30,1
51,Tarefa 51,bug,média,9,10,2024-01-25,2024-01-25,2024-01-25,1
52,Tarefa 52,melhoria,média,24,27,2024-05-23,2024-05-24,2024-05-24,1
53,Tarefa 53,feature,baixa,5,6,2024-06-17,2024-06-17,2024-06-17,1
54,Tarefa 54,bug,alta,21,30,2024-04-13,2024-04-13,2024-04-14,1
55,Tarefa 55,melhoria,baixa,24,25,2024-04-14,2024-04-15,2024-04-15,1
56,Tarefa 56,bug,média,20,30,2024-04-04,2024-04-04,2024-04-05,1
57,Tarefa 57,bug,média,3,1,2024-02-25,2024-02-25,2024-02-25,0
58,Tarefa 58,melhoria,baixa,5,15,2024-05-17,2024-05-17,2024-05-17,1
59,Tarefa 59,bug,média,8,9,2024-02-08,2024-02-08,2024-02-08,1
60,Tarefa 60,melhoria,baixa,5,7,2024-06-12,2024-06-12,2024-06-12,1
61,Tarefa 61,melhoria,baixa,18,16,2024-02-05,2024-02-05,2024-02-05,0
62,Tarefa 62,bug,média,21,27,2024-02-12,2024-02-12,2024-02-13,1
63,Tarefa 63,bug,alta,24,25,2024-03-08,2024-03-09,2024-03-09,1
64,Tarefa 64,feature,média,18,26,2024-04-28,2024-04-28,2024-04-29,1
65,Tarefa 65,feature,média,2,3,2024-02-26,2024-02-26,2024-02-26,1
66,Tarefa 66,melhoria,alta,10,18,2024-05-11,2024-05-11,2024-05-11,1
67,Tarefa 67,melhoria,baixa,8,5,2024-02-01,2024-02-01,2024-02-01,0
68,Tarefa 68,feature,alta,6,15,2024-02-12,2024-02-12,2024-02-12,1
69,Tarefa 69,melhoria,baixa,7,8,2024-05-20,2024-05-20,2024-05-20,1
70,Tarefa 70,melhoria,baixa,22,30,2024-05-20,2024-05-20,2024-05-21,1
71,Tarefa 71,feature,média,13,11,2024-04-05,2024-04-05,2024-04-05,0
72,Tarefa 72,bug,baixa,16,25,2024-06-29,2024-06-29,2024-06-30,1
73,Tarefa 73,feature,baixa,23,23,2024-01-19,2024-01-19,2024-01-19,0
74,Tarefa 74,bug,média,9,19,2024-02-13,2024-02-13,2024-02-13,1
75,Tarefa 75,feature,média,18,15,2024-04-20,2024-04-20,2024-04-20,0
76,Tarefa 76,melhoria,média,22,28,2024-04-11,2024-04-11,2024-04-12,1
77,Tarefa 77,feature,alta,17,16,2024-05-11,2024-05-11,2024-05-11,0
78,Tarefa 78,feature,baixa,16,26,2024-06-18,2024-06-18,2024-06-19,1
79,Tarefa 79,melhoria,alta,15,12,2024-04-22,2024-04-22,2024-04-22,0
80,Tarefa 80,feature,alta,11,21,2024-02-07,2024-02-07,2024-02-07,1
81,Tarefa 81,melhoria,baixa,24,23,2024-05-18,2024-05-19,2024-05-18,0
82,Tarefa 82,melhoria,alta,19,27,2024-01-14,2024-01-14,2024-01-15,1
83,Tarefa 83,bug,alta,23,22,2024-05-11,2024-05-11,2024-05-11,0
84,Tarefa 84,feature,alta,18,26,2024-03-31,2024-03-31,2024-04-01,1
85,Tarefa 85,feature,média,7,4,2024-01-14,2024-01-14,2024-01-14,0
86,Tarefa 86,bug,média,9,17,2024-02-02,2024-02-02,2024-02-02,1
87,Tarefa 87,bug,média,10,9,2024-03-27,2024-03-27,2024-03-27,0
88,Tarefa 88,melhoria,média,14,23,2024-03-28,2024-03-28,2024-03-28,1
89,Tarefa 89,melhoria,alta,10,10,2024-04-08,2024-04-08,2024-04-08,0
90,Tarefa 90,feature,baixa,17,26,2024-06-19,2024-06-19,2024-06-20,1
91,Tarefa 91,melhoria,alta,15,16,2024-02-16,2024-02-16,2024-02-16,1
92,Tarefa 92,melhoria,alta,3,8,2024-01-29,2024-01-29,2024-01-29,1
93,Tarefa 93,feature,alta,9,10,2024-02-06,2024-02-06,2024-02-06,1
94,Tarefa 94,melhoria,baixa,11,13,2024-05-26,2024-05-26,2024-05-26,1
95,Tarefa 95,melhoria,baixa,6,6,2024-03-23,2024-03-23,2024-03-23,0
96,Tarefa 96,melhoria,média,17,21,2024-03-25,2024-03-25,2024-03-25,1
97,Tarefa 97,bug,média,8,7,2024-06-21,2024-06-21,2024-06-21,0
98,Tarefa 98,melhoria,alta,20,29,2024-02-24,2024-02-24,2024-02-25,1
99,Tarefa 99,melhoria,média,21,18,2024-03-28,2024-03-28,2024-03-28,0
100,Tarefa 100,feature,baixa,15,18,2024-01-04,2024-01-04,2024-01-04,1
101,Tarefa 101,melhoria,alta,19,17,2024-02-04,2024-02-04,2024-02-04,0
102,Tarefa 102,melhoria,baixa,20,26,2024-01-03,2024-01-03,2024-01-04,1
103,Tarefa 103,bug,alta,22,20,2024-04-23,2024-04-23,2024-04-23,0
104,Tarefa 104,melhoria,alta,22,30,2024-06-22,2024-06-22,2024-06-23,1
105,Tarefa 105,feature,baixa,20,19,2024-03-14,2024-03-14,2024-03-14,0
106,Tarefa 106,melhoria,alta,24,29,2024-06-08,2024-06-09,2024-06-09,1
107,Tarefa 107,bug,baixa,4,5,2024-02-01,2024-02-01,2024-02-01,1
108,Tarefa 108,feature,baixa,11,21,2024-02-14,2024-02-14,2024-02-14,1
109,Tarefa 109,melhoria,baixa,24,21,2024-01-18,2024-01-19,2024-01-18,0
110,Tarefa 110,feature,baixa,5,13,2024-06-27,2024-06-27,2024-06-27,1
111,Tarefa 111,bug,média,21,22,2024-06-18,2024-06-18,2024-06-18,1
112,Tarefa 112,melhoria,alta,23,26,2024-04-07,2024-04-07,2024-04-08,1
113,Tarefa 113,bug,média,20,20,2024-01-30,2024-01-30,2024-01-30,0
114,Tarefa 114,melhoria,baixa,10,18,2024-06-16,2024-06-16,2024-06-16,1
115,Tarefa 115,bug,alta,13,14,2024-05-18,2024-05-18,2024-05-18,1
116,Tarefa 116,bug,baixa,5,13,2024-05-13,2024-05-13,2024-05-13,1
117,Tarefa 117,melhoria,alta,14,15,2024-03-31,2024-03-31,2024-03-31,1
118,Tarefa 118,feature,baixa,17,23,2024-04-27,2024-04-27,2024-04-27,1
119,Tarefa 119,melhoria,baixa,15,15,2024-03-02,2024-03-02,2024-03-02,0
120,Tarefa 120,bug,média,16,26,2024-04-04,2024-04-04,2024-04-05,1
121,Tarefa 121,melhoria,alta,20,18,2024-05-30,2024-05-30,2024-05-30,0
122,Tarefa 122,melhoria,alta,21,28,2024-06-12,2024-06-12,2024-06-13,1
123,Tarefa 123,bug,baixa,4,5,2024-03-02,2024-03-02,2024-03-02,1
124,Tarefa 124,melhoria,média,22,32,2024-03-10,2024-03-10,2024-03-11,1
125,Tarefa 125,feature,baixa,4,1,2024-03-29,2024-03-29,2024-03-29,0
126,Tarefa 126,feature,média,2,5,2024-02-25,2024-02-25,2024-02-25,1
127,Tarefa 127,bug,alta,8,7,2024-05-06,2024-05-06,2024-05-06,0
128,Tarefa 128,feature,média,4,9,2024-06-01,2024-06-01,2024-06-01,1
129,Tarefa 129,feature,média,9,8,2024-01-25,2024-01-25,2024-01-25,0
130,Tarefa 130,feature,média,19,23,2024-04-28,2024-04-28,2024-04-28,1
131,Tarefa 131,bug,alta,17,17,2024-05-26,2024-05-26,2024-05-26,0
132,Tarefa 132,melhoria,média,13,15,2024-05-13,2024-05-13,2024-05-13,1
133,Tarefa 133,bug,média,5,6,2024-03-03,2024-03-03,2024-03-03,1
134,Tarefa 134,bug,média,5,7,2024-03-12,2024-03-12,2024-03-12,1
135,Tarefa 135,melhoria,baixa,23,20,2024-03-19,2024-03-19,2024-03-19,0
136,Tarefa 136,bug,média,5,13,2024-06-29,2024-06-29,2024-06-29,1
137,Tarefa 137,feature,baixa,24,21,2024-02-19,2024-02-20,2024-02-19,0
138,Tarefa 138,feature,baixa,13,17,2024-05-25,2024-05-25,2024-05-25,1
139,Tarefa 139,feature,alta,20,17,2024-01-18,2024-01-18,2024-01-18,0
140,Tarefa 140,feature,média,23,26,2024-06-23,2024-06-23,2024-06-24,1
141,Tarefa 141,bug,baixa,16,16,2024-05-05,2024-05-05,2024-05-05,0
142,Tarefa 142,bug,baixa,19,27,2024-03-07,2024-03-07,2024-03-08,1
143,Tarefa 143,bug,alta,17,14,2024-05-02,2024-05-02,2024-05-02,0
144,Tarefa 144,feature,média,18,25,2024-03-31,2024-03-31,2024-04-01,1
145,Tarefa 145,bug,alta,14,13,2024-02-08,2024-02-08,2024-02-08,0
146,Tarefa 146,bug,média,19,21,2024-04-03,2024-04-03,2024-04-03,1
147,Tarefa 147,bug,alta,24,23,2024-05-24,2024-05-25,2024-05-24,0
148,Tarefa 148,melhoria,alta,14,19,2024-01-18,2024-01-18,2024-01-18,1
149,Tarefa 149,melhoria,alta,16,16,2024-03-14,2024-03-14,2024-03-14,0
150,Tarefa 150,melhoria,média,18,25,2024-01-15,2024-01-15,2024-01-16,1
151,Tarefa 151,melhoria,média,14,13,2024-01-19,2024-01-19,2024-01-19,0
152,Tarefa 152,feature,baixa,13,23,2024-06-23,2024-06-23,2024-06-23,1
153,Tarefa 153,feature,média,2,1,2024-03-13,2024-03-13,2024-03-13,0
154,Tarefa 154,melhoria,baixa,22,26,2024-02-10,2024-02-10,2024-02-11,1
155,Tarefa 155,feature,alta,2,1,2024-01-20,2024-01-20,2024-01-20,0
156,Tarefa 156,bug,alta,8,10,2024-05-19,2024-05-19,2024-05-19,1
157,Tarefa 157,bug,baixa,14,11,2024-06-26,2024-06-26,2024-06-26,0
158,Tarefa 158,feature,baixa,19,21,2024-02-07,2024-02-07,2024-02-07,1
159,Tarefa 159,melhoria,alta,20,21,2024-04-08,2024-04-08,2024-04-08,1
160,Tarefa 160,feature,alta,18,24,2024-02-05,2024-02-05,2024-02-06,1
161,Tarefa 161,bug,alta,14,14,2024-04-09,2024-04-09,2024-04-09,0
162,Tarefa 162,bug,baixa,20,23,2024-01-14,2024-01-14,2024-01-14,1
163,Tarefa 163,melhoria,alta,14,14,2024-06-10,2024-06-10,2024-06-10,0
164,Tarefa 164,melhoria,alta,22,26,2024-04-29,2024-04-29,2024-04-30,1
165,Tarefa 165,feature,média,15,14,2024-01-17,2024-01-17,2024-01-17,0
166,Tarefa 166,bug,baixa,16,22,2024-03-08,2024-03-08,2024-03-08,1
167,Tarefa 167,melhoria,baixa,13,11,2024-01-09,2024-01-09,2024-01-09,0
168,Tarefa 168,feature,alta,13,21,2024-03-20,2024-03-20,2024-03-20,1
169,Tarefa 169,bug,alta,13,10,2024-03-28,2024-03-28,2024-03-28,0
170,Tarefa 170,feature,média,17,25,2024-01-29,2024-01-29,2024-01-30,1
171,Tarefa 171,bug,baixa,5,6,2024-05-16,2024-05-16,2024-05-16,1
172,Tarefa 172,bug,baixa,20,25,2024-03-05,2024-03-05,2024-03-06,1
173,Tarefa 173,melhoria,alta,20,20,2024-05-05,2024-05-05,2024-05-05,0
174,Tarefa 174,melhoria,baixa,19,27,2024-02-23,2024-02-23,2024-02-24,1
175,Tarefa 175,melhoria,alta,22,21,2024-05-20,2024-05-20,2024-05-20,0
176,Tarefa 176,melhoria,baixa,13,16,2024-03-21,2024-03-21,2024-03-21,1
177,Tarefa 177,feature,média,18,19,2024-01-12,2024-01-12,2024-01-12,1
178,Tarefa 178,melhoria,baixa,15,23,2024-04-27,2024-04-27,2024-04-27,1
179,Tarefa 179,melhoria,alta,5,6,2024-03-26,2024-03-26,2024-03-26,1
180,Tarefa 180,feature,alta,4,10,2024-05-26,2024-05-26,2024-05-26,1
181,Tarefa 181,bug,alta,21,21,2024-05-17,2024-05-17,2024-05-17,0
182,Tarefa 182,bug,baixa,11,20,2024-05-23,2024-05-23,2024-05-23,1
183,Tarefa 183,bug,baixa,7,8,2024-06-23,2024-06-23,2024-06-23,1
184,Tarefa 184,feature,alta,13,22,2024-01-11,2024-01-11,2024-01-11,1
185,Tarefa 185,feature,baixa,15,16,2024-05-12,2024-05-12,2024-05-12,1
186,Tarefa 186,bug,baixa,2,10,2024-02-21,2024-02-21,2024-02-21,1
187,Tarefa 187,melhoria,média,24,24,2024-05-24,2024-05-25,2024-05-25,0
188,Tarefa 188,melhoria,alta,20,28,2024-03-09,2024-03-09,2024-03-10,1
189,Tarefa 189,feature,média,11,9,2024-04-04,2024-04-04,2024-04-04,0
190,Tarefa 190,feature,baixa,15,20,2024-05-06,2024-05-06,2024-05-06,1
191,Tarefa 191,melhoria,alta,11,11,2024-05-27,2024-05-27,2024-05-27,0
192,Tarefa 192,feature,média,16,21,2024-06-09,2024-06-09,2024-06-09,1
193,Tarefa 193,melhoria,baixa,6,4,2024-04-28,2024-04-28,2024-04-28,0
194,Tarefa 194,feature,média,6,16,2024-06-25,2024-06-25,2024-06-25,1
195,Tarefa 195,melhoria,baixa,23,22,2024-01-01,2024-01-01,2024-01-01,0
196,Tarefa 196,feature,média,21,26,2024-04-26,2024-04-26,2024-04-27,1
197,Tarefa 197,melhoria,alta,14,12,2024-04-06,2024-04-06,2024-04-06,0
198,Tarefa 198,melhoria,baixa,5,8,2024-03-12,2024-03-12,2024-03-12,1
199,Tarefa 199,bug,baixa,24,22,2024-01-30,2024-01-31,2024-01-30,0
200,Tarefa 200,feature,média,18,23,2024-02-08,2024-02-08,2024-02-08,1
201,Tarefa 201,feature,média,9,8,2024-02-20,2024-02-20,2024-02-20,0
202,Tarefa 202,feature,alta,15,17,2024-06-27,2024-06-27,2024-06-27,1
203,Tarefa 203,feature,alta,8,7,2024-03-08,2024-03-08,2024-03-08,0
204,Tarefa 204,feature,média,2,11,2024-01-03,2024-01-03,2024-01-03,1
205,Tarefa 205,bug,alta,11,8,2024-04-29,2024-04-29,2024-04-29,0
206,Tarefa 206,bug,baixa,11,16,2024-03-17,2024-03-17,2024-03-17,1
207,Tarefa 207,melhoria,média,7,6,2024-06-07,2024-06-07,2024-06-07,0
208,Tarefa 208,melhoria,baixa,16,19,2024-04-11,2024-04-11,2024-04-11,1
209,Tarefa 209,melhoria,alta,11,8,2024-03-05,2024-03-05,2024-03-05,0
210,Tarefa 210,melhoria,alta,8,17,2024-05-07,2024-05-07,2024-05-07,1
211,Tarefa 211,bug,média,10,11,2024-05-16,2024-05-16,2024-05-16,1
212,Tarefa 212,feature,alta,20,28,2024-01-01,2024-01-01,2024-01-02,1
213,Tarefa 213,feature,alta,22,19,2024-03-31,2024-03-31,2024-03-31,0
214,Tarefa 214,bug,alta,17,25,2024-06-04,2024-06-04,2024-06-05,1
215,Tarefa 215,bug,média,14,15,2024-06-11,2024-06-11,2024-06-11,1
216,Tarefa 216,feature,média,2,9,2024-01-31,2024-01-31,2024-01-31,1
217,Tarefa 217,feature,baixa,23,23,2024-02-09,2024-02-09,2024-02-09,0
218,Tarefa 218,feature,baixa,20,25,2024-03-02,2024-03-02,2024-03-03,1
219,Tarefa 219,melhoria,baixa,10,9,2024-05-05,2024-05-05,2024-05-05,0
220,Tarefa 220,bug,média,19,23,2024-04-09,2024-04-09,2024-04-09,1
221,Tarefa 221,feature,média,4,4,2024-02-24,2024-02-24,2024-02-24,0
222,Tarefa 222,bug,baixa,13,17,2024-02-09,2024-02-09,2024-02-09,1
223,Tarefa 223,feature,média,13,10,2024-06-18,2024-06-18,2024-06-18,0
224,Tarefa 224,bug,baixa,6,8,2024-05-28,2024-05-28,2024-05-28,1
225,Tarefa 225,bug,baixa,13,11,2024-04-06,2024-04-06,2024-04-06,0
226,Tarefa 226,melhoria,baixa,21,30,2024-02-08,2024-02-08,2024-02-09,1
227,Tarefa 227,feature,média,18,19,2024-02-01,2024-02-01,2024-02-01,1
228,Tarefa 228,melhoria,alta,10,17,2024-01-02,2024-01-02,2024-01-02,1
229,Tarefa 229,bug,baixa,22,19,2024-03-28,2024-03-28,2024-03-28,0
230,Tarefa 230,feature,alta,17,26,2024-03-18,2024-03-18,2024-03-19,1
231,Tarefa 231,melhoria,alta,6,6,2024-03-13,2024-03-13,2024-03-13,0
232,Tarefa 232,bug,baixa,4,11,2024-02-19,2024-02-19,2024-02-19,1
233,Tarefa 233,melhoria,alta,10,10,2024-02-04,2024-02-04,2024-02-04,0
234,Tarefa 234,feature,média,21,23,2024-06-15,2024-06-15,2024-06-15,1
235,Tarefa 235,bug,alta,7,6,2024-02-18,2024-02-18,2024-02-18,0
236,Tarefa 236,melhoria,baixa,24,31,2024-03-17,2024-03-18,2024-03-18,1
237,Tarefa 237,feature,alta,16,16,2024-03-25,2024-03-25,2024-03-25,0
238,Tarefa 238,bug,média,18,27,2024-02-29,2024-02-29,2024-03-01,1
239,Tarefa 239,feature,média,5,5,2024-02-09,2024-02-09,2024-02-09,0
240,Tarefa 240,bug,baixa,20,22,2024-06-29,2024-06-29,2024-06-29,1
241,Tarefa 241,feature,baixa,15,12,2024-06-17,2024-06-17,2024-06-17,0
242,Tarefa 242,feature,média,11,14,2024-04-11,2024-04-11,2024-04-11,1
243,Tarefa 243,melhoria,alta,17,14,2024-02-13,2024-02-13,2024-02-13,0
244,Tarefa 244,feature,baixa,23,26,2024-02-27,2024-02-27,2024-02-28,1
245,Tarefa 245,melhoria,média,16,13,2024-05-13,2024-05-13,2024-05-13,0
246,Tarefa 246,melhoria,baixa,8,11,2024-03-01,2024-03-01,2024-03-01,1
247,Tarefa 247,bug,baixa,16,14,2024-05-06,2024-05-06,2024-05-06,0
248,Tarefa 248,bug,média,22,30,2024-01-31,2024-01-31,2024-02-01,1
249,Tarefa 249,melhoria,alta,12,11,2024-05-04,2024-05-04,2024-05-04,0
250,Tarefa 250,feature,baixa,15,21,2024-06-23,2024-06-23,2024-06-23,1
251,Tarefa 251,melhoria,alta,14,13,2024-06-24,2024-06-24,2024-06-24,0
252,Tarefa 252,feature,média,5,7,2024-04-09,2024-04-09,2024-04-09,1
253,Tarefa 253,bug,baixa,24,25,2024-05-21,2024-05-22,2024-05-22,1
254,Tarefa 254,melhoria,baixa,15,23,2024-03-21,2024-03-21,2024-03-21,1
255,Tarefa 255,melhoria,baixa,18,16,2024-03-01,2024-03-01,2024-03-01,0
256,Tarefa 256,feature,baixa,22,27,2024-02-22,2024-02-22,2024-02-23,1
257,Tarefa 257,feature,baixa,18,18,2024-06-22,2024-06-22,2024-06-22,0
258,Tarefa 258,feature,baixa,22,27,2024-04-30,2024-04-30,2024-05-01,1
259,Tarefa 259,bug,baixa,16,14,2024-03-05,2024-03-05,2024-03-05,0
260,Tarefa 260,feature,alta,23,26,2024-03-03,2024-03-03,2024-03-04,1
261,Tarefa 261,bug,baixa,21,19,2024-01-31,2024-01-31,2024-01-31,0
262,Tarefa 262,bug,média,4,9,2024-01-30,2024-01-30,2024-01-30,1
263,Tarefa 263,bug,alta,13,12,2024-06-08,2024-06-08,2024-06-08,0
264,Tarefa 264,melhoria,média,20,24,2024-03-29,2024-03-29,2024-03-30,1
265,Tarefa 265,bug,média,7,7,2024-03-02,2024-03-02,2024-03-02,0
266,Tarefa 266,melhoria,baixa,24,32,2024-05-26,2024-05-27,2024-05-27,1
267,Tarefa 267,melhoria,alta,24,21,2024-02-06,2024-02-07,2024-02-06,0
268,Tarefa 268,melhoria,média,7,17,2024-04-03,2024-04-03,2024-04-03,1
269,Tarefa 269,bug,baixa,18,18,2024-06-22,2024-06-22,2024-06-22,0
270,Tarefa 270,feature,alta,24,29,2024-03-31,2024-04-01,2024-04-01,1
271,Tarefa 271,feature,média,24,25,2024-05-24,2024-05-25,2024-05-25,1
272,Tarefa 272,bug,alta,14,16,2024-05-11,2024-05-11,2024-05-11,1
273,Tarefa 273,melhoria,alta,14,11,2024-04-13,2024-04-13,2024-04-13,0
274,Tarefa 274,melhoria,alta,10,16,2024-01-12,2024-01-12,2024-01-12,1
275,Tarefa 275,feature,baixa,6,3,2024-03-16,2024-03-16,2024-03-16,0
276,Tarefa 276,melhoria,média,10,13,2024-06-07,2024-06-07,2024-06-07,1
277,Tarefa 277,feature,média,9,8,2024-06-15,2024-06-15,2024-06-15,0
278,Tarefa 278,feature,alta,14,23,2024-06-28,2024-06-28,2024-06-28,1
279,Tarefa 279,melhoria,média,2,1,2024-01-04,2024-01-04,2024-01-04,0
280,Tarefa 280,bug,baixa,23,29,2024-06-13,2024-06-13,2024-06-14,1
281,Tarefa 281,feature,alta,6,4,2024-02-22,2024-02-22,2024-02-22,0
282,Tarefa 282,feature,baixa,19,24,2024-06-25,2024-06-25,2024-06-26,1
283,Tarefa 283,bug,alta,4,5,2024-04-17,2024-04-17,2024-04-17,1
284,Tarefa 284,feature,média,3,6,2024-04-18,2024-04-18,2024-04-18,1
285,Tarefa 285,bug,baixa,8,6,2024-05-16,2024-05-16,2024-05-16,0
286,Tarefa 286,feature,alta,10,13,2024-04-16,2024-04-16,2024-04-16,1
287,Tarefa 287,bug,baixa,7,4,2024-03-12,2024-03-12,2024-03-12,0
288,Tarefa 288,melhoria,alta,13,20,2024-01-08,2024-01-08,2024-01-08,1
289,Tarefa 289,melhoria,baixa,13,10,2024-04-05,2024-04-05,2024-04-05,0
290,Tarefa 290,bug,baixa,14,19,2024-05-09,2024-05-09,2024-05-09,1
291,Tarefa 291,melhoria,baixa,15,15,2024-06-08,2024-06-08,2024-06-08,0
292,Tarefa 292,feature,baixa,23,28,2024-03-07,2024-03-07,2024-03-08,1
293,Tarefa 293,bug,baixa,20,21,2024-01-17,2024-01-17,2024-01-17,1
294,Tarefa 294,melhoria,média,20,23,2024-04-13,2024-04-13,2024-04-13,1
295,Tarefa 295,melhoria,média,11,10,2024-03-07,2024-03-07,2024-03-07,0
296,Tarefa 296,feature,alta,2,5,2024-03-03,2024-03-03,2024-03-03,1
297,Tarefa 297,feature,alta,4,2,2024-03-14,2024-03-14,2024-03-14,0
298,Tarefa 298,melhoria,média,13,15,2024-06-04,2024-06-04,2024-06-04,1
299,Tarefa 299,bug,baixa,14,15,2024-05-22,2024-05-22,2024-05-22,1
300,Tarefa 300,bug,alta,21,23,2024-01-26,2024-01-26,2024-01-26,1
301,Tarefa 301,bug,média,8,9,2024-04-28,2024-04-28,2024-04-28,1
302,Tarefa 302,bug,baixa,13,18,2024-02-12,2024-02-12,2024-02-12,1
303,Tarefa 303,melhoria,alta,14,14,2024-04-17,2024-04-17,2024-04-17,0
304,Tarefa 304,melhoria,média,2,5,2024-05-28,2024-05-28,2024-05-28,1
305,Tarefa 305,feature,alta,8,7,2024-02-13,2024-02-13,2024-02-13,0
306,Tarefa 306,bug,baixa,9,13,2024-04-08,2024-04-08,2024-04-08,1
307,Tarefa 307,feature,baixa,8,9,2024-05-02,2024-05-02,2024-05-02,1
308,Tarefa 308,melhoria,alta,17,21,2024-02-18,2024-02-18,2024-02-18,1
309,Tarefa 309,feature,alta,18,16,2024-05-29,2024-05-29,2024-05-29,0
310,Tarefa 310,bug,baixa,24,32,2024-04-30,2024-05-01,2024-05-01,1
311,Tarefa 311,bug,baixa,15,13,2024-06-23,2024-06-23,2024-06-23,0
312,Tarefa 312,feature,baixa,6,16,2024-03-09,2024-03-09,2024-03-09,1
313,Tarefa 313,melhoria,média,14,15,2024-05-20,2024-05-20,2024-05-20,1
314,Tarefa 314,feature,alta,19,25,2024-05-13,2024-05-13,2024-05-14,1
315,Tarefa 315,melhoria,baixa,9,7,2024-01-22,2024-01-22,2024-01-22,0
316,Tarefa 316,feature,alta,11,17,2024-06-29,2024-06-29,2024-06-29,1
317,Tarefa 317,melhoria,alta,11,10,2024-01-27,2024-01-27,2024-01-27,0
318,Tarefa 318,melhoria,alta,7,11,2024-03-17,2024-03-17,2024-03-17,1
319,Tarefa 319,melhoria,baixa,23,24,2024-06-28,2024-06-28,2024-06-29,1
320,Tarefa 320,melhoria,alta,20,24,2024-01-22,2024-01-22,2024-01-23,1
321,Tarefa 321,feature,média,18,17,2024-01-16,2024-01-16,2024-01-16,0
322,Tarefa 322,feature,baixa,20,22,2024-03-20,2024-03-20,2024-03-20,1
323,Tarefa 323,feature,média,7,6,2024-05-19,2024-05-19,2024-05-19,0
324,Tarefa 324,feature,baixa,9,13,2024-06-09,2024-06-09,2024-06-09,1
325,Tarefa 325,bug,alta,19,17,2024-04-03,2024-04-03,2024-04-03,0
326,Tarefa 326,feature,média,2,9,2024-05-07,2024-05-07,2024-05-07,1
327,Tarefa 327,feature,alta,21,22,2024-04-14,2024-04-14,2024-04-14,1
328,Tarefa 328,melhoria,alta,3,13,2024-04-27,2024-04-27,2024-04-27,1
329,Tarefa 329,feature,baixa,19,16,2024-05-24,2024-05-24,2024-05-24,0
330,Tarefa 330,bug,média,3,6,2024-04-24,2024-04-24,2024-04-24,1
331,Tarefa 331,feature,baixa,20,19,2024-06-29,2024-06-29,2024-06-29,0
332,Tarefa 332,melhoria,baixa,20,23,2024-01-27,2024-01-27,2024-01-27,1
333,Tarefa 333,bug,média,22,22,2024-01-18,2024-01-18,2024-01-18,0
334,Tarefa 334,bug,média,9,14,2024-06-06,2024-06-06,2024-06-06,1
335,Tarefa 335,melhoria,baixa,3,3,2024-04-30,2024-04-30,2024-04-30,0
336,Tarefa 336,bug,alta,9,12,2024-01-06,2024-01-06,2024-01-06,1
337,Tarefa 337,melhoria,baixa,5,5,2024-02-13,2024-02-13,2024-02-13,0
338,Tarefa 338,melhoria,média,14,17,2024-06-18,2024-06-18,2024-06-18,1
339,Tarefa 339,feature,baixa,15,16,2024-06-03,2024-06-03,2024-06-03,1
340,Tarefa 340,bug,alta,12,15,2024-02-15,2024-02-15,2024-02-15,1
341,Tarefa 341,melhoria,alta,21,20,2024-02-05,2024-02-05,2024-02-05,0
342,Tarefa 342,melhoria,média,11,19,2024-03-23,2024-03-23,2024-03-23,1
343,Tarefa 343,bug,alta,17,15,2024-06-04,2024-06-04,2024-06-04,0
344,Tarefa 344,bug,alta,12,21,2024-04-13,2024-04-13,2024-04-13,1
345,Tarefa 345,melhoria,baixa,23,21,2024-03-20,2024-03-20,2024-03-20,0
346,Tarefa 346,feature,alta,19,21,2024-05-14,2024-05-14,2024-05-14,1
347,Tarefa 347,feature,baixa,22,19,2024-01-05,2024-01-05,2024-01-05,0
348,Tarefa 348,bug,alta,13,16,2024-04-06,2024-04-06,2024-04-06,1
349,Tarefa 349,melhoria,média,15,15,2024-02-06,2024-02-06,2024-02-06,0
350,Tarefa 350,feature,alta,13,22,2024-01-13,2024-01-13,2024-01-13,1
351,Tarefa 351,feature,baixa,14,14,2024-02-29,2024-02-29,2024-02-29,0
352,Tarefa 352,bug,alta,14,22,2024-06-14,2024-06-14,2024-06-14,1
353,Tarefa 353,bug,alta,5,3,2024-04-23,2024-04-23,2024-04-23,0
354,Tarefa 354,melhoria,alta,22,27,2024-06-10,2024-06-10,2024-06-11,1
355,Tarefa 355,feature,média,13,10,2024-04-03,2024-04-03,2024-04-03,0
356,Tarefa 356,feature,baixa,4,8,2024-05-03,2024-05-03,2024-05-03,1
357,Tarefa 357,melhoria,alta,24,25,2024-06-28,2024-06-29,2024-06-29,1
358,Tarefa 358,bug,alta,10,15,2024-03-28,2024-03-28,2024-03-28,1
359,Tarefa 359,melhoria,alta,14,14,2024-04-07,2024-04-07,2024-04-07,0
360,Tarefa 360,bug,baixa,7,13,2024-06-28,2024-06-28,2024-06-28,1
361,Tarefa 361,feature,baixa,16,17,2024-05-11,2024-05-11,2024-05-11,1
362,Tarefa 362,bug,alta,12,15,2024-06-02,2024-06-02,2024-06-02,1
363,Tarefa 363,melhoria,alta,4,2,2024-05-07,2024-05-07,2024-05-07,0
364,Tarefa 364,bug,baixa,2,10,2024-01-28,2024-01-28,2024-01-28,1
365,Tarefa 365,melhoria,baixa,17,17,2024-03-31,2024-03-31,2024-03-31,0
366,Tarefa 366,feature,média,13,17,2024-06-09,2024-06-09,2024-06-09,1
367,Tarefa 367,bug,alta,20,17,2024-06-19,2024-06-19,2024-06-19,0
368,Tarefa 368,melhoria,alta,15,17,2024-02-26,2024-02-26,2024-02-26,1
369,Tarefa 369,bug,baixa,22,23,2024-03-19,2024-03-19,2024-03-19,1
370,Tarefa 370,melhoria,baixa,6,14,2024-05-30,2024-05-30,2024-05-30,1
371,Tarefa 371,melhoria,alta,6,6,2024-04-26,2024-04-26,2024-04-26,0
372,Tarefa 372,feature,alta,15,25,2024-04-21,2024-04-21,2024-04-22,1
373,Tarefa 373,bug,alta,19,19,2024-05-03,2024-05-03,2024-05-03,0
374,Tarefa 374,feature,baixa,3,11,2024-03-31,2024-03-31,2024-03-31,1
375,Tarefa 375,bug,média,16,14,2024-01-31,2024-01-31,2024-01-31,0
376,Tarefa 376,melhoria,alta,14,23,2024-04-03,2024-04-03,2024-04-03,1
377,Tarefa 377,melhoria,alta,24,22,2024-02-16,2024-02-17,2024-02-16,0
378,Tarefa 378,bug,alta,4,12,2024-04-03,2024-04-03,2024-04-03,1
379,Tarefa 379,bug,alta,4,4,2024-04-19,2024-04-19,2024-04-19,0
380,Tarefa 380,melhoria,baixa,9,16,2024-04-13,2024-04-13,2024-04-13,1
381,Tarefa 381,feature,alta,17,14,2024-06-25,2024-06-25,2024-06-25,0
382,Tarefa 382,bug,alta,8,15,2024-02-28,2024-02-28,2024-02-28,1
383,Tarefa 383,feature,alta,16,13,2024-01-05,2024-01-05,2024-01-05,0
384,Tarefa 384,feature,alta,17,23,2024-06-19,2024-06-19,2024-06-19,1
385,Tarefa 385,melhoria,média,12,11,2024-01-15,2024-01-15,2024-01-15,0
386,Tarefa 386,melhoria,média,5,8,2024-01-04,2024-01-04,2024-01-04,1
387,Tarefa 387,melhoria,baixa,10,10,2024-02-10,2024-02-10,2024-02-10,0
388,Tarefa 388,bug,baixa,4,7,2024-01-17,2024-01-17,2024-01-17,1
389,Tarefa 389,feature,alta,10,8,2024-02-15,2024-02-15,2024-02-15,0
390,Tarefa 390,melhoria,alta,24,30,2024-02-29,2024-03-01,2024-03-01,1
391,Tarefa 391,bug,alta,18,19,2024-03-01,2024-03-01,2024-03-01,1
392,Tarefa 392,feature,baixa,14,17,2024-04-10,2024-04-10,2024-04-10,1
393,Tarefa 393,bug,média,13,12,2024-03-24,2024-03-24,2024-03-24,0
394,Tarefa 394,feature,média,24,29,2024-01-12,2024-01-13,2024-01-13,1
395,Tarefa 395,melhoria,média,12,10,2024-06-18,2024-06-18,2024-06-18,0
396,Tarefa 396,feature,alta,20,23,2024-04-11,2024-04-11,2024-04-11,1
397,Tarefa 397,feature,alta,12,11,2024-05-12,2024-05-12,2024-05-12,0
398,Tarefa 398,feature,alta,18,27,2024-01-15,2024-01-15,2024-01-16,1
399,Tarefa 399,melhoria,alta,2,3,2024-04-24,2024-04-24,2024-04-24,1
400,Tarefa 400,melhoria,baixa,7,10,2024-01-18,2024-01-18,2024-01-18,1
401,Tarefa 401,feature,baixa,17,17,2024-03-26,2024-03-26,2024-03-26,0
402,Tarefa 402,melhoria,média,13,20,2024-05-25,2024-05-25,2024-05-25,1
403,Tarefa 403,melhoria,alta,18,18,2024-06-18,2024-06-18,2024-06-18,0
404,Tarefa 404,feature,média,11,19,2024-02-23,2024-02-23,2024-02-23,1
405,Tarefa 405,feature,média,5,4,2024-05-01,2024-05-01,2024-05-01,0
406,Tarefa 406,feature,alta,21,29,2024-02-20,2024-02-20,2024-02-21,1
407,Tarefa 407,bug,média,12,11,2024-03-19,2024-03-19,2024-03-19,0
408,Tarefa 408,melhoria,baixa,20,27,2024-05-09,2024-05-09,2024-05-10,1
409,Tarefa 409,bug,alta,9,9,2024-04-01,2024-04-01,2024-04-01,0
410,Tarefa 410,melhoria,baixa,14,19,2024-06-18,2024-06-18,2024-06-18,1
411,Tarefa 411,bug,baixa,5,3,2024-05-07,2024-05-07,2024-05-07,0
412,Tarefa 412,feature,baixa,22,26,2024-02-06,2024-02-06,2024-02-07,1
413,Tarefa 413,feature,baixa,7,7,2024-05-29,2024-05-29,2024-05-29,0
414,Tarefa 414,feature,média,19,25,2024-01-14,2024-01-14,2024-01-15,1
415,Tarefa 415,bug,alta,14,15,2024-03-10,2024-03-10,2024-03-10,1
416,Tarefa 416,feature,alta,17,20,2024-05-25,2024-05-25,2024-05-25,1
417,Tarefa 417,melhoria,média,23,21,2024-06-23,2024-06-23,2024-06-23,0
418,Tarefa 418,feature,média,9,19,2024-06-13,2024-06-13,2024-06-13,1
419,Tarefa 419,melhoria,baixa,14,11,2024-05-15,2024-05-15,2024-05-15,0
420,Tarefa 420,melhoria,média,9,16,2024-03-30,2024-03-30,2024-03-30,1
421,Tarefa 421,bug,baixa,14,15,2024-03-05,2024-03-05,2024-03-05,1
422,Tarefa 422,feature,média,20,29,2024-01-22,2024-01-22,2024-01-23,1
423,Tarefa 423,melhoria,alta,22,19,2024-02-19,2024-02-19,2024-02-19,0
424,Tarefa 424,feature,baixa,20,26,2024-06-24,2024-06-24,2024-06-25,1
425,Tarefa 425,melhoria,média,21,21,2024-02-20,2024-02-20,2024-02-20,0
426,Tarefa 426,bug,média,16,19,2024-03-24,2024-03-24,2024-03-24,1
427,Tarefa 427,feature,baixa,15,13,2024-02-15,2024-02-15,2024-02-15,0
428,Tarefa 428,feature,média,24,29,2024-02-28,2024-02-29,2024-02-29,1
429,Tarefa 429,melhoria,alta,3,4,2024-01-17,2024-01-17,2024-01-17,1
430,Tarefa 430,melhoria,baixa,7,15,2024-02-14,2024-02-14,2024-02-14,1
431,Tarefa 431,feature,baixa,22,22,2024-06-29,2024-06-29,2024-06-29,0
432,Tarefa 432,bug,alta,14,24,2024-01-10,2024-01-10,2024-01-11,1
433,Tarefa 433,bug,alta,23,20,2024-06-10,2024-06-10,2024-06-10,0
434,Tarefa 434,bug,alta,7,15,2024-06-04,2024-06-04,2024-06-04,1
435,Tarefa 435,melhoria,média,21,21,2024-05-31,2024-05-31,2024-05-31,0
436,Tarefa 436,bug,baixa,17,25,2024-02-24,2024-02-24,2024-02-25,1
437,Tarefa 437,bug,alta,13,10,2024-01-15,2024-01-15,2024-01-15,0
438,Tarefa 438,feature,alta,12,21,2024-03-26,2024-03-26,2024-03-26,1
439,Tarefa 439,feature,baixa,12,10,2024-03-19,2024-03-19,2024-03-19,0
440,Tarefa 440,bug,baixa,23,25,2024-04-18,2024-04-18,2024-04-19,1
441,Tarefa 441,melhoria,média,16,16,2024-02-20,2024-02-20,2024-02-20,0
442,Tarefa 442,feature,alta,19,25,2024-01-25,2024-01-25,2024-01-26,1
443,Tarefa 443,bug,média,9,9,2024-05-24,2024-05-24,2024-05-24,0
444,Tarefa 444,feature,baixa,22,32,2024-01-13,2024-01-13,2024-01-14,1
445,Tarefa 445,feature,alta,24,22,2024-02-26,2024-02-27,2024-02-26,0
446,Tarefa 446,melhoria,média,13,16,2024-03-29,2024-03-29,2024-03-29,1
447,Tarefa 447,melhoria,alta,15,16,2024-05-27,2024-05-27,2024-05-27,1
448,Tarefa 448,bug,baixa,20,26,2024-04-25,2024-04-25,2024-04-26,1
449,Tarefa 449,bug,baixa,21,21,2024-02-14,2024-02-14,2024-02-14,0
450,Tarefa 450,melhoria,alta,8,17,2024-03-22,2024-03-22,2024-03-22,1
451,Tarefa 451,melhoria,média,22,20,2024-05-21,2024-05-21,2024-05-21,0
452,Tarefa 452,feature,baixa,23,33,2024-01-18,2024-01-18,2024-01-19,1
453,Tarefa 453,melhoria,alta,11,8,2024-06-17,2024-06-17,2024-06-17,0
454,Tarefa 454,bug,média,2,10,2024-05-11,2024-05-11,2024-05-11,1
455,Tarefa 455,bug,média,14,15,2024-01-31,2024-01-31,2024-01-31,1
456,Tarefa 456,feature,média,23,31,2024-06-05,2024-06-05,2024-06-06,1
457,Tarefa 457,bug,alta,16,15,2024-04-29,2024-04-29,2024-04-29,0
458,Tarefa 458,melhoria,alta,11,21,2024-01-05,2024-01-05,2024-01-05,1
459,Tarefa 459,melhoria,média,15,15,2024-03-13,2024-03-13,2024-03-13,0
460,Tarefa 460,melhoria,média,18,24,2024-01-04,2024-01-04,2024-01-05,1
461,Tarefa 461,melhoria,alta,2,2,2024-02-16,2024-02-16,2024-02-16,0
462,Tarefa 462,bug,baixa,12,16,2024-01-04,2024-01-04,2024-01-04,1
463,Tarefa 463,feature,baixa,11,12,2024-01-31,2024-01-31,2024-01-31,1
464,Tarefa 464,feature,baixa,8,16,2024-03-27,2024-03-27,2024-03-27,1
465,Tarefa 465,bug,média,20,18,2024-03-05,2024-03-05,2024-03-05,0
466,Tarefa 466,feature,média,18,22,2024-06-20,2024-06-20,2024-06-20,1
467,Tarefa 467,melhoria,baixa,14,12,2024-05-05,2024-05-05,2024-05-05,0
468,Tarefa 468,bug,alta,14,22,2024-03-08,2024-03-08,2024-03-08,1
469,Tarefa 469,bug,média,10,8,2024-03-28,2024-03-28,2024-03-28,0
470,Tarefa 470,bug,alta,21,30,2024-05-18,2024-05-18,2024-05-19,1
471,Tarefa 471,melhoria,alta,23,21,2024-01-20,2024-01-20,2024-01-20,0
472,Tarefa 472,melhoria,alta,2,12,2024-03-12,2024-03-12,2024-03-12,1
473,Tarefa 473,bug,baixa,9,9,2024-03-17,2024-03-17,2024-03-17,0
474,Tarefa 474,bug,média,20,26,2024-05-28,2024-05-28,2024-05-29,1
475,Tarefa 475,melhoria,média,4,1,2024-03-18,2024-03-18,2024-03-18,0
476,Tarefa 476,bug,baixa,13,22,2024-06-20,2024-06-20,2024-06-20,1
477,Tarefa 477,melhoria,baixa,3,2,2024-05-12,2024-05-12,2024-05-12,0
478,Tarefa 478,feature,baixa,5,10,2024-01-14,2024-01-14,2024-01-14,1
479,Tarefa 479,feature,média,18,19,2024-04-14,2024-04-14,2024-04-14,1
480,Tarefa 480,bug,alta,10,17,2024-02-04,2024-02-04,2024-02-04,1
481,Tarefa 481,feature,baixa,8,7,2024-06-07,2024-06-07,2024-06-07,0
482,Tarefa 482,melhoria,baixa,15,22,2024-02-26,2024-02-26,2024-02-26,1
483,Tarefa 483,feature,baixa,6,4,2024-03-22,2024-03-22,2024-03-22,0
484,Tarefa 484,bug,baixa,11,14,2024-05-18,2024-05-18,2024-05-18,1
485,Tarefa 485,melhoria,baixa,22,19,2024-01-30,2024-01-30,2024-01-30,0
486,Tarefa 486,feature,média,14,16,2024-03-08,2024-03-08,2024-03-08,1
487,Tarefa 487,bug,baixa,9,8,2024-03-23,2024-03-23,2024-03-23,0
488,Tarefa 488,feature,alta,24,33,2024-05-29,2024-05-30,2024-05-30,1
489,Tarefa 489,bug,média,4,4,2024-03-26,2024-03-26,2024-03-26,0
490,Tarefa 490,bug,baixa,3,6,2024-04-30,2024-04-30,2024-04-30,1
491,Tarefa 491,bug,baixa,4,1,2024-03-13,2024-03-13,2024-03-13,0
492,Tarefa 492,feature,baixa,21,23,2024-02-07,2024-02-07,2024-02-07,1
493,Tarefa 493,feature,média,13,14,2024-01-22,2024-01-22,2024-01-22,1
494,Tarefa 494,melhoria,baixa,4,14,2024-01-01,2024-01-01,2024-01-01,1
495,Tarefa 495,feature,alta,24,24,2024-03-07,2024-03-08,2024-03-08,0
496,Tarefa 496,melhoria,média,2,4,2024-03-05,2024-03-05,2024-03-05,1
497,Tarefa 497,melhoria,baixa,6,7,2024-06-25,2024-06-25,2024-06-25,1
498,Tarefa 498,melhoria,média,23,30,2024-02-23,2024-02-23,2024-02-24,1
499,Tarefa 499,feature,baixa,23,22,2024-03-15,2024-03-15,2024-03-15,0
500,Tarefa 500,feature,média,18,23,2024-06-12,2024-06-12,2024-06-12,1
501,Tarefa 501,melhoria,alta,22,19,2024-05-23,2024-05-23,2024-05-23,0
502,Tarefa 502,bug,média,11,13,2024-06-03,2024-06-03,2024-06-03,1
503,Tarefa 503,bug,média,21,18,2024-03-19,2024-03-19,2024-03-19,0
504,Tarefa 504,bug,baixa,11,17,2024-01-16,2024-01-16,2024-01-16,1
505,Tarefa 505,melhoria,média,7,6,2024-02-01,2024-02-01,2024-02-01,0
506,Tarefa 506,feature,alta,4,12,2024-05-06,2024-05-06,2024-05-06,1
507,Tarefa 507,feature,baixa,24,25,2024-01-22,2024-01-23,2024-01-23,1
508,Tarefa 508,feature,baixa,8,18,2024-04-01,2024-04-01,2024-04-01,1
509,Tarefa 509,bug,alta,23,24,2024-03-12,2024-03-12,2024-03-13,1
510,Tarefa 510,feature,média,6,12,2024-05-02,2024-05-02,2024-05-02,1
511,Tarefa 511,feature,baixa,17,18,2024-03-18,2024-03-18,2024-03-18,1
512,Tarefa 512,melhoria,alta,5,15,2024-06-07,2024-06-07,2024-06-07,1
513,Tarefa 513,melhoria,baixa,10,10,2024-01-10,2024-01-10,2024-01-10,0
514,Tarefa 514,feature,média,15,19,2024-01-01,2024-01-01,2024-01-01,1
515,Tarefa 515,feature,média,12,10,2024-02-27,2024-02-27,2024-02-27,0
516,Tarefa 516,feature,alta,22,29,2024-04-28,2024-04-28,2024-04-29,1
517,Tarefa 517,bug,alta,7,4,2024-02-29,2024-02-29,2024-02-29,0
518,Tarefa 518,bug,média,22,26,2024-03-22,2024-03-22,2024-03-23,1
519,Tarefa 519,feature,média,16,17,2024-06-18,2024-06-18,2024-06-18,1
520,Tarefa 520,bug,baixa,15,23,2024-03-21,2024-03-21,2024-03-21,1
521,Tarefa 521,melhoria,alta,17,15,2024-05-10,2024-05-10,2024-05-10,0
522,Tarefa 522,feature,média,23,31,2024-04-29,2024-04-29,2024-04-30,1
523,Tarefa 523,melhoria,média,10,7,2024-06-05,2024-06-05,2024-06-05,0
524,Tarefa 524,bug,alta,6,11,2024-01-19,2024-01-19,2024-01-19,1
525,Tarefa 525,melhoria,média,2,3,2024-01-03,2024-01-03,2024-01-03,1
526,Tarefa 526,feature,alta,23,31,2024-02-13,2024-02-13,2024-02-14,1
527,Tarefa 527,feature,alta,20,17,2024-04-20,2024-04-20,2024-04-20,0
528,Tarefa 528,bug,média,10,13,2024-01-20,2024-01-20,2024-01-20,1
529,Tarefa 529,bug,média,21,20,2024-02-26,2024-02-26,2024-02-26,0
530,Tarefa 530,feature,alta,2,4,2024-03-31,2024-03-31,2024-03-31,1
531,Tarefa 531,melhoria,média,14,13,2024-04-05,2024-04-05,2024-04-05,0
532,Tarefa 532,melhoria,média,10,17,2024-04-29,2024-04-29,2024-04-29,1
533,Tarefa 533,feature,média,15,12,2024-02-22,2024-02-22,2024-02-22,0
534,Tarefa 534,melhoria,baixa,12,15,2024-01-01,2024-01-01,2024-01-01,1
535,Tarefa 535,melhoria,média,19,20,2024-02-01,2024-02-01,2024-02-01,1
536,Tarefa 536,melhoria,média,9,13,2024-05-03,2024-05-03,2024-05-03,1
537,Tarefa 537,bug,alta,7,4,2024-01-20,2024-01-20,2024-01-20,0
538,Tarefa 538,feature,média,7,16,2024-02-08,2024-02-08,2024-02-08,1
539,Tarefa 539,bug,alta,2,1,2024-06-03,2024-06-03,2024-06-03,0
540,Tarefa 540,feature,baixa,13,17,2024-04-05,2024-04-05,2024-04-05,1
541,Tarefa 541,melhoria,alta,24,23,2024-06-05,2024-06-06,2024-06-05,0
542,Tarefa 542,bug,baixa,8,13,2024-04-06,2024-04-06,2024-04-06,1
543,Tarefa 543,feature,alta,18,19,2024-04-04,2024-04-04,2024-04-04,1
544,Tarefa 544,bug,baixa,15,24,2024-05-21,2024-05-21,2024-05-22,1
545,Tarefa 545,bug,baixa,13,12,2024-06-23,2024-06-23,2024-06-23,0
546,Tarefa 546,melhoria,alta,10,14,2024-06-26,2024-06-26,2024-06-26,1
547,Tarefa 547,bug,alta,9,10,2024-06-07,2024-06-07,2024-06-07,1
548,Tarefa 548,bug,média,21,31,2024-03-08,2024-03-08,2024-03-09,1
549,Tarefa 549,melhoria,alta,10,10,2024-06-09,2024-06-09,2024-06-09,0
550,Tarefa 550,bug,média,15,21,2024-05-17,2024-05-17,2024-05-17,1
551,Tarefa 551,melhoria,alta,17,16,2024-06-24,2024-06-24,2024-06-24,0
552,Tarefa 552,feature,alta,4,8,2024-04-04,2024-04-04,2024-04-04,1
553,Tarefa 553,bug,alta,21,19,2024-06-12,2024-06-12,2024-06-12,0
554,Tarefa 554,feature,média,23,29,2024-06-28,2024-06-28,2024-06-29,1
555,Tarefa 555,melhoria,alta,7,4,2024-05-31,2024-05-31,2024-05-31,0
556,Tarefa 556,melhoria,média,4,10,2024-04-08,2024-04-08,2024-04-08,1
557,Tarefa 557,feature,alta,11,8,2024-03-02,2024-03-02,2024-03-02,0
558,Tarefa 558,bug,baixa,17,27,2024-04-27,2024-04-27,2024-04-28,1
559,Tarefa 559,bug,média,8,6,2024-04-29,2024-04-29,2024-04-29,0
560,Tarefa 560,melhoria,média,21,30,2024-03-11,2024-03-11,2024-03-12,1
561,Tarefa 561,bug,alta,13,14,2024-02-15,2024-02-15,2024-02-15,1
562,Tarefa 562,feature,alta,20,25,2024-01-27,2024-01-27,2024-01-28,1
563,Tarefa 563,feature,alta,18,16,2024-02-06,2024-02-06,2024-02-06,0
564,Tarefa 564,feature,baixa,17,26,2024-06-04,2024-06-04,2024-06-05,1
565,Tarefa 565,bug,alta,4,2,2024-02-14,2024-02-14,2024-02-14,0
566,Tarefa 566,melhoria,média,13,22,2024-03-13,2024-03-13,2024-03-13,1
567,Tarefa 567,melhoria,baixa,21,18,2024-03-27,2024-03-27,2024-03-27,0
568,Tarefa 568,feature,baixa,4,6,2024-01-06,2024-01-06,2024-01-06,1
569,Tarefa 569,melhoria,alta,15,12,2024-04-20,2024-04-20,2024-04-20,0
570,Tarefa 570,bug,baixa,6,10,2024-04-03,2024-04-03,2024-04-03,1
571,Tarefa 571,feature,média,11,8,2024-05-27,2024-05-27,2024-05-27,0
572,Tarefa 572,feature,baixa,14,22,2024-02-25,2024-02-25,2024-02-25,1
573,Tarefa 573,melhoria,média,3,4,2024-01-22,2024-01-22,2024-01-22,1
574,Tarefa 574,bug,média,11,19,2024-05-13,2024-05-13,2024-05-13,1
575,Tarefa 575,bug,baixa,9,9,2024-06-12,2024-06-12,2024-06-12,0
576,Tarefa 576,melhoria,média,3,7,2024-03-17,2024-03-17,2024-03-17,1
577,Tarefa 577,bug,alta,7,8,2024-05-08,2024-05-08,2024-05-08,1
578,Tarefa 578,feature,alta,10,12,2024-05-08,2024-05-08,2024-05-08,1
579,Tarefa 579,feature,média,19,16,2024-03-31,2024-03-31,2024-03-31,0
580,Tarefa 580,bug,média,2,8,2024-04-10,2024-04-10,2024-04-10,1
581,Tarefa 581,melhoria,baixa,17,16,2024-06-21,2024-06-21,2024-06-21,0
582,Tarefa 582,feature,baixa,8,15,2024-06-16,2024-06-16,2024-06-16,1
583,Tarefa 583,bug,média,17,15,2024-01-14,2024-01-14,2024-01-14,0
584,Tarefa 584,melhoria,média,16,22,2024-04-23,2024-04-23,2024-04-23,1
585,Tarefa 585,feature,alta,5,6,2024-01-25,2024-01-25,2024-01-25,1
586,Tarefa 586,bug,média,9,14,2024-06-08,2024-06-08,2024-06-08,1
587,Tarefa 587,feature,média,23,22,2024-03-13,2024-03-13,2024-03-13,0
588,Tarefa 588,bug,alta,2,11,2024-05-16,2024-05-16,2024-05-16,1
589,Tarefa 589,feature,alta,22,20,2024-03-11,2024-03-11,2024-03-11,0
590,Tarefa 590,feature,alta,23,32,2024-05-06,2024-05-06,2024-05-07,1
591,Tarefa 591,bug,média,13,13,2024-01-17,2024-01-17,2024-01-17,0
592,Tarefa 592,bug,baixa,18,25,2024-05-02,2024-05-02,2024-05-03,1
593,Tarefa 593,bug,média,8,7,2024-04-22,2024-04-22,2024-04-22,0
594,Tarefa 594,bug,média,6,12,2024-02-02,2024-02-02,2024-02-02,1
595,Tarefa 595,feature,média,17,18,2024-06-13,2024-06-13,2024-06-13,1
596,Tarefa 596,bug,baixa,15,17,2024-04-07,2024-04-07,2024-04-07,1
597,Tarefa 597,melhoria,baixa,22,20,2024-01-29,2024-01-29,2024-01-29,0
598,Tarefa 598,melhoria,baixa,21,29,2024-02-04,2024-02-04,2024-02-05,1
599,Tarefa 599,melhoria,alta,6,3,2024-04-17,2024-04-17,2024-04-17,0
600,Tarefa 600,bug,média,24,29,2024-01-19,2024-01-20,2024-01-20,1
601,Tarefa 601,bug,média,22,22,2024-01-29,2024-01-29,2024-01-29,0
602,Tarefa 602,feature,baixa,2,6,2024-05-13,2024-05-13,2024-05-13,1
603,Tarefa 603,bug,alta,13,11,2024-05-03,2024-05-03,2024-05-03,0
604,Tarefa 604,melhoria,baixa,18,22,2024-05-30,2024-05-30,2024-05-30,1
605,Tarefa 605,bug,média,5,4,2024-03-25,2024-03-25,2024-03-25,0
606,Tarefa 606,bug,alta,4,11,2024-01-12,2024-01-12,2024-01-12,1
607,Tarefa 607,bug,alta,15,13,2024-05-10,2024-05-10,2024-05-10,0
608,Tarefa 608,bug,baixa,13,15,2024-06-07,2024-06-07,2024-06-07,1
609,Tarefa 609,melhoria,média,7,7,2024-02-11,2024-02-11,2024-02-11,0
610,Tarefa 610,melhoria,média,21,27,2024-02-29,2024-02-29,2024-03-01,1
611,Tarefa 611,bug,média,23,23,2024-02-04,2024-02-04,2024-02-04,0
612,Tarefa 612,melhoria,alta,12,18,2024-02-19,2024-02-19,2024-02-19,1
613,Tarefa 613,bug,baixa,17,16,2024-05-07,2024-05-07,2024-05-07,0
614,Tarefa 614,melhoria,média,19,28,2024-03-03,2024-03-03,2024-03-04,1
615,Tarefa 615,bug,média,20,21,2024-01-23,2024-01-23,2024-01-23,1
616,Tarefa 616,feature,baixa,23,32,2024-06-29,2024-06-29,2024-06-30,1
617,Tarefa 617,feature,alta,10,9,2024-03-11,2024-03-11,2024-03-11,0
618,Tarefa 618,feature,baixa,9,14,2024-01-09,2024-01-09,2024-01-09,1
619,Tarefa 619,feature,média,9,9,2024-03-26,2024-03-26,2024-03-26,0
620,Tarefa 620,melhoria,alta,15,18,2024-06-03,2024-06-03,2024-06-03,1
621,Tarefa 621,melhoria,baixa,3,1,2024-04-07,2024-04-07,2024-04-07,0
622,Tarefa 622,melhoria,baixa,5,15,2024-04-04,2024-04-04,2024-04-04,1
623,Tarefa 623,bug,alta,12,9,2024-06-10,2024-06-10,2024-06-10,0
624,Tarefa 624,bug,alta,9,18,2024-04-16,2024-04-16,2024-04-16,1
625,Tarefa 625,feature,alta,23,23,2024-02-06,2024-02-06,2024-02-06,0
626,Tarefa 626,melhoria,alta,16,19,2024-05-05,2024-05-05,2024-05-05,1
627,Tarefa 627,feature,baixa,4,3,2024-01-10,2024-01-10,2024-01-10,0
628,Tarefa 628,feature,média,17,20,2024-01-23,2024-01-23,2024-01-23,1
629,Tarefa 629,feature,baixa,18,19,2024-02-05,2024-02-05,2024-02-05,1
630,Tarefa 630,melhoria,baixa,7,9,2024-03-12,2024-03-12,2024-03-12,1
631,Tarefa 631,feature,alta,13,14,2024-01-10,2024-01-10,2024-01-10,1
632,Tarefa 632,bug,alta,12,21,2024-03-16,2024-03-16,2024-03-16,1
633,Tarefa 633,bug,baixa,16,14,2024-03-21,2024-03-21,2024-03-21,0
634,Tarefa 634,melhoria,baixa,8,18,2024-02-10,2024-02-10,2024-02-10,1
635,Tarefa 635,melhoria,alta,14,14,2024-01-03,2024-01-03,2024-01-03,0
636,Tarefa 636,melhoria,alta,21,26,2024-01-13,2024-01-13,2024-01-14,1
637,Tarefa 637,feature,baixa,3,1,2024-02-15,2024-02-15,2024-02-15,0
638,Tarefa 638,melhoria,média,13,20,2024-02-22,2024-02-22,2024-02-22,1
639,Tarefa 639,feature,alta,8,9,2024-06-20,2024-06-20,2024-06-20,1
640,Tarefa 640,melhoria,alta,7,11,2024-01-28,2024-01-28,2024-01-28,1
641,Tarefa 641,feature,alta,18,19,2024-03-30,2024-03-30,2024-03-30,1
642,Tarefa 642,melhoria,média,9,17,2024-04-02,2024-04-02,2024-04-02,1
643,Tarefa 643,feature,alta,4,3,2024-04-02,2024-04-02,2024-04-02,0
644,Tarefa 644,feature,baixa,15,18,2024-01-08,2024-01-08,2024-01-08,1
645,Tarefa 645,bug,média,6,7,2024-05-25,2024-05-25,2024-05-25,1
646,Tarefa 646,feature,média,15,23,2024-01-19,2024-01-19,2024-01-19,1
647,Tarefa 647,melhoria,alta,8,5,2024-06-19,2024-06-19,2024-06-19,0
648,Tarefa 648,feature,média,20,23,2024-05-20,2024-05-20,2024-05-20,1
649,Tarefa 649,melhoria,alta,20,21,2024-02-17,2024-02-17,2024-02-17,1
650,Tarefa 650,melhoria,baixa,12,16,2024-05-18,2024-05-18,2024-05-18,1
651,Tarefa 651,feature,baixa,4,1,2024-06-29,2024-06-29,2024-06-29,0
652,Tarefa 652,bug,média,5,13,2024-06-22,2024-06-22,2024-06-22,1
653,Tarefa 653,bug,alta,8,9,2024-01-15,2024-01-15,2024-01-15,1
654,Tarefa 654,melhoria,baixa,23,31,2024-01-26,2024-01-26,2024-01-27,1
655,Tarefa 655,bug,alta,23,20,2024-02-19,2024-02-19,2024-02-19,0
656,Tarefa 656,melhoria,média,19,25,2024-04-04,2024-04-04,2024-04-05,1
657,Tarefa 657,melhoria,média,16,17,2024-02-12,2024-02-12,2024-02-12,1
658,Tarefa 658,feature,baixa,12,14,2024-04-17,2024-04-17,2024-04-17,1
659,Tarefa 659,feature,alta,23,21,2024-03-29,2024-03-29,2024-03-29,0
660,Tarefa 660,bug,alta,5,9,2024-01-29,2024-01-29,2024-01-29,1
661,Tarefa 661,bug,alta,4,3,2024-03-18,2024-03-18,2024-03-18,0
662,Tarefa 662,feature,média,11,19,2024-03-08,2024-03-08,2024-03-08,1
663,Tarefa 663,feature,alta,18,15,2024-06-05,2024-06-05,2024-06-05,0
664,Tarefa 664,melhoria,média,15,18,2024-05-09,2024-05-09,2024-05-09,1
665,Tarefa 665,melhoria,média,8,8,2024-05-27,2024-05-27,2024-05-27,0
666,Tarefa 666,feature,média,9,13,2024-02-27,2024-02-27,2024-02-27,1
667,Tarefa 667,feature,baixa,20,18,2024-05-24,2024-05-24,2024-05-24,0
668,Tarefa 668,feature,alta,21,28,2024-01-24,2024-01-24,2024-01-25,1
669,Tarefa 669,feature,alta,7,7,2024-02-04,2024-02-04,2024-02-04,0
670,Tarefa 670,bug,baixa,23,30,2024-01-22,2024-01-22,2024-01-23,1
671,Tarefa 671,bug,média,3,1,2024-06-03,2024-06-03,2024-06-03,0
672,Tarefa 672,bug,baixa,16,19,2024-01-27,2024-01-27,2024-01-27,1
673,Tarefa 673,melhoria,média,9,9,2024-02-19,2024-02-19,2024-02-19,0
674,Tarefa 674,bug,baixa,15,21,2024-03-30,2024-03-30,2024-03-30,1
675,Tarefa 675,bug,alta,16,17,2024-05-19,2024-05-19,2024-05-19,1
676,Tarefa 676,feature,baixa,24,31,2024-04-25,2024-04-26,2024-04-26,1
677,Tarefa 677,melhoria,média,3,3,2024-02-10,2024-02-10,2024-02-10,0
678,Tarefa 678,bug,alta,2,11,2024-05-20,2024-05-20,2024-05-20,1
679,Tarefa 679,melhoria,alta,23,20,2024-02-11,2024-02-11,2024-02-11,0
680,Tarefa 680,bug,média,11,15,2024-06-29,2024-06-29,2024-06-29,1
681,Tarefa 681,melhoria,alta,5,6,2024-03-09,2024-03-09,2024-03-09,1
682,Tarefa 682,feature,média,8,15,2024-03-05,2024-03-05,2024-03-05,1
683,Tarefa 683,feature,média,23,23,2024-02-20,2024-02-20,2024-02-20,0
684,Tarefa 684,melhoria,alta,14,16,2024-06-25,2024-06-25,2024-06-25,1
685,Tarefa 685,melhoria,baixa,20,21,2024-01-15,2024-01-15,2024-01-15,1
686,Tarefa 686,bug,alta,24,32,2024-04-24,2024-04-25,2024-04-25,1
687,Tarefa 687,melhoria,média,23,22,2024-02-28,2024-02-28,2024-02-28,0
688,Tarefa 688,feature,baixa,20,23,2024-03-23,2024-03-23,2024-03-23,1
689,Tarefa 689,bug,baixa,8,6,2024-03-04,2024-03-04,2024-03-04,0
690,Tarefa 690,bug,baixa,21,24,2024-01-05,2024-01-05,2024-01-06,1
691,Tarefa 691,melhoria,média,4,1,2024-04-11,2024-04-11,2024-04-11,0
692,Tarefa 692,melhoria,alta,14,23,2024-02-21,2024-02-21,2024-02-21,1
693,Tarefa 693,bug,alta,11,8,2024-03-04,2024-03-04,2024-03-04,0
694,Tarefa 694,melhoria,baixa,19,29,2024-01-01,2024-01-01,2024-01-02,1
695,Tarefa 695,bug,baixa,21,22,2024-05-06,2024-05-06,2024-05-06,1
696,Tarefa 696,feature,baixa,17,25,2024-06-04,2024-06-04,2024-06-05,1
697,Tarefa 697,bug,baixa,18,18,2024-05-25,2024-05-25,2024-05-25,0
698,Tarefa 698,melhoria,alta,20,27,2024-06-14,2024-06-14,2024-06-15,1
699,Tarefa 699,melhoria,baixa,6,6,2024-02-15,2024-02-15,2024-02-15,0
700,Tarefa 700,feature,baixa,19,25,2024-03-30,2024-03-30,2024-03-31,1
701,Tarefa 701,feature,alta,8,7,2024-04-19,2024-04-19,2024-04-19,0
702,Tarefa 702,feature,alta,19,22,2024-05-26,2024-05-26,2024-05-26,1
703,Tarefa 703,bug,média,14,15,2024-06-23,2024-06-23,2024-06-23,1
704,Tarefa 704,bug,baixa,15,19,2024-03-07,2024-03-07,2024-03-07,1
705,Tarefa 705,feature,alta,2,2,2024-05-20,2024-05-20,2024-05-20,0
706,Tarefa 706,feature,baixa,23,26,2024-05-31,2024-05-31,2024-06-01,1
707,Tarefa 707,feature,média,5,4,2024-06-14,2024-06-14,2024-06-14,0
708,Tarefa 708,bug,alta,20,25,2024-05-12,2024-05-12,2024-05-13,1
709,Tarefa 709,feature,alta,6,4,2024-04-21,2024-04-21,2024-04-21,0
710,Tarefa 710,melhoria,baixa,16,26,2024-02-03,2024-02-03,2024-02-04,1
711,Tarefa 711,bug,alta,12,11,2024-05-31,2024-05-31,2024-05-31,0
712,Tarefa 712,bug,média,4,10,2024-06-19,2024-06-19,2024-06-19,1
713,Tarefa 713,melhoria,média,11,10,2024-05-31,2024-05-31,2024-05-31,0
714,Tarefa 714,feature,baixa,19,23,2024-02-27,2024-02-27,2024-02-27,1
715,Tarefa 715,bug,alta,21,22,2024-04-19,2024-04-19,2024-04-19,1
716,Tarefa 716,bug,baixa,6,13,2024-04-27,2024-04-27,2024-04-27,1
717,Tarefa 717,bug,baixa,6,3,2024-05-04,2024-05-04,2024-05-04,0
718,Tarefa 718,bug,baixa,21,27,2024-04-07,2024-04-07,2024-04-08,1
719,Tarefa 719,bug,baixa,15,16,2024-06-27,2024-06-27,2024-06-27,1
720,Tarefa 720,bug,baixa,14,16,2024-05-19,2024-05-19,2024-05-19,1
721,Tarefa 721,melhoria,baixa,7,7,2024-01-20,2024-01-20,2024-01-20,0
722,Tarefa 722,feature,alta,16,19,2024-01-17,2024-01-17,2024-01-17,1
723,Tarefa 723,melhoria,baixa,21,21,2024-02-24,2024-02-24,2024-02-24,0
724,Tarefa 724,bug,média,24,34,2024-05-05,2024-05-06,2024-05-06,1
725,Tarefa 725,bug,baixa,19,18,2024-04-04,2024-04-04,2024-04-04,0
726,Tarefa 726,bug,média,19,28,2024-05-29,2024-05-29,2024-05-30,1
727,Tarefa 727,bug,média,4,2,2024-01-01,2024-01-01,2024-01-01,0
728,Tarefa 728,melhoria,baixa,19,24,2024-02-03,2024-02-03,2024-02-04,1
729,Tarefa 729,melhoria,alta,5,3,2024-05-05,2024-05-05,2024-05-05,0
730,Tarefa 730,melhoria,baixa,7,14,2024-04-05,2024-04-05,2024-04-05,1
731,Tarefa 731,feature,média,4,1,2024-02-18,2024-02-18,2024-02-18,0
732,Tarefa 732,melhoria,baixa,21,31,2024-04-09,2024-04-09,2024-04-10,1
733,Tarefa 733,melhoria,baixa,20,18,2024-06-05,2024-06-05,2024-06-05,0
734,Tarefa 734,melhoria,baixa,18,20,2024-02-01,2024-02-01,2024-02-01,1
735,Tarefa 735,bug,baixa,2,1,2024-06-12,2024-06-12,2024-06-12,0
736,Tarefa 736,feature,baixa,24,30,2024-04-26,2024-04-27,2024-04-27,1
737,Tarefa 737,bug,alta,23,24,2024-05-12,2024-05-12,2024-05-13,1
738,Tarefa 738,bug,média,17,25,2024-04-28,2024-04-28,2024-04-29,1
739,Tarefa 739,melhoria,alta,17,16,2024-04-23,2024-04-23,2024-04-23,0
740,Tarefa 740,melhoria,alta,5,15,2024-01-03,2024-01-03,2024-01-03,1
741,Tarefa 741,bug,alta,12,11,2024-01-02,2024-01-02,2024-01-02,0
742,Tarefa 742,feature,alta,15,19,2024-01-11,2024-01-11,2024-01-11,1
743,Tarefa 743,melhoria,baixa,9,10,2024-03-05,2024-03-05,2024-03-05,1
744,Tarefa 744,bug,baixa,19,23,2024-02-16,2024-02-16,2024-02-16,1
745,Tarefa 745,bug,alta,21,22,2024-01-10,2024-01-10,2024-01-10,1
746,Tarefa 746,bug,média,20,30,2024-05-26,2024-05-26,2024-05-27,1
747,Tarefa 747,melhoria,alta,16,17,2024-02-20,2024-02-20,2024-02-20,1
748,Tarefa 748,bug,média,10,20,2024-03-03,2024-03-03,2024-03-03,1
749,Tarefa 749,melhoria,alta,12,11,2024-03-12,2024-03-12,2024-03-12,0
750,Tarefa 750,melhoria,baixa,12,19,2024-04-15,2024-04-15,2024-04-15,1
751,Tarefa 751,feature,alta,10,11,2024-02-10,2024-02-10,2024-02-10,1
752,Tarefa 752,melhoria,alta,5,15,2024-01-15,2024-01-15,2024-01-15,1
753,Tarefa 753,feature,baixa,21,18,2024-06-13,2024-06-13,2024-06-13,0
754,Tarefa 754,bug,média,22,24,2024-06-03,2024-06-03,2024-06-04,1
755,Tarefa 755,feature,média,15,14,2024-01-18,2024-01-18,2024-01-18,0
756,Tarefa 756,bug,alta,10,14,2024-04-27,2024-04-27,2024-04-27,1
757,Tarefa 757,melhoria,baixa,17,14,2024-04-17,2024-04-17,2024-04-17,0
758,Tarefa 758,bug,baixa,24,31,2024-04-18,2024-04-19,2024-04-19,1
759,Tarefa 759,melhoria,alta,4,1,2024-02-25,2024-02-25,2024-02-25,0
760,Tarefa 760,melhoria,média,24,30,2024-04-23,2024-04-24,2024-04-24,1
761,Tarefa 761,bug,média,13,10,2024-05-26,2024-05-26,2024-05-26,0
762,Tarefa 762,melhoria,baixa,19,24,2024-01-17,2024-01-17,2024-01-18,1
763,Tarefa 763,melhoria,média,5,2,2024-06-01,2024-06-01,2024-06-01,0
764,Tarefa 764,feature,baixa,8,14,2024-05-30,2024-05-30,2024-05-30,1
765,Tarefa 765,melhoria,baixa,2,1,2024-06-12,2024-06-12,2024-06-12,0
766,Tarefa 766,feature,baixa,19,25,2024-06-16,2024-06-16,2024-06-17,1
767,Tarefa 767,melhoria,média,3,1,2024-04-14,2024-04-14,2024-04-14,0
768,Tarefa 768,melhoria,baixa,24,29,2024-04-22,2024-04-23,2024-04-23,1
769,Tarefa 769,feature,média,6,5,2024-01-02,2024-01-02,2024-01-02,0
770,Tarefa 770,bug,média,18,21,2024-03-28,2024-03-28,2024-03-28,1
771,Tarefa 771,melhoria,baixa,8,9,2024-01-09,2024-01-09,2024-01-09,1
772,Tarefa 772,melhoria,alta,21,25,2024-02-04,2024-02-04,2024-02-05,1
773,Tarefa 773,feature,alta,15,14,2024-06-12,2024-06-12,2024-06-12,0
774,Tarefa 774,melhoria,alta,20,26,2024-06-25,2024-06-25,2024-06-26,1
775,Tarefa 775,melhoria,baixa,17,17,2024-02-11,2024-02-11,2024-02-11,0
776,Tarefa 776,feature,média,23,32,2024-03-28,2024-03-28,2024-03-29,1
777,Tarefa 777,melhoria,alta,7,6,2024-02-28,2024-02-28,2024-02-28,0
778,Tarefa 778,feature,média,8,14,2024-06-27,2024-06-27,2024-06-27,1
779,Tarefa 779,melhoria,média,9,10,2024-02-22,2024-02-22,2024-02-22,1
780,Tarefa 780,bug,média,9,16,2024-04-28,2024-04-28,2024-04-28,1
781,Tarefa 781,feature,alta,21,20,2024-04-08,2024-04-08,2024-04-08,0
782,Tarefa 782,bug,baixa,4,7,2024-04-02,2024-04-02,2024-04-02,1
783,Tarefa 783,melhoria,baixa,17,18,2024-04-17,2024-04-17,2024-04-17,1
784,Tarefa 784,melhoria,média,21,30,2024-02-14,2024-02-14,2024-02-15,1
785,Tarefa 785,melhoria,baixa,7,7,2024-01-10,2024-01-10,2024-01-10,0
786,Tarefa 786,bug,alta,15,20,2024-01-08,2024-01-08,2024-01-08,1
787,Tarefa 787,melhoria,média,6,7,2024-05-30,2024-05-30,2024-05-30,1
788,Tarefa 788,feature,alta,10,12,2024-03-17,2024-03-17,2024-03-17,1
789,Tarefa 789,bug,alta,4,5,2024-06-14,2024-06-14,2024-06-14,1
790,Tarefa 790,bug,baixa,8,15,2024-06-11,2024-06-11,2024-06-11,1
791,Tarefa 791,feature,baixa,5,4,2024-06-11,2024-06-11,2024-06-11,0
792,Tarefa 792,bug,baixa,5,9,2024-05-21,2024-05-21,2024-05-21,1
793,Tarefa 793,melhoria,média,3,2,2024-03-21,2024-03-21,2024-03-21,0
794,Tarefa 794,feature,alta,13,23,2024-03-16,2024-03-16,2024-03-16,1
795,Tarefa 795,feature,média,19,18,2024-02-19,2024-02-19,2024-02-19,0
796,Tarefa 796,bug,baixa,10,15,2024-01-04,2024-01-04,2024-01-04,1
797,Tarefa 797,feature,média,16,15,2024-02-24,2024-02-24,2024-02-24,0
798,Tarefa 798,feature,baixa,13,23,2024-02-18,2024-02-18,2024-02-18,1
799,Tarefa 799,bug,baixa,6,3,2024-05-23,2024-05-23,2024-05-23,0
800,Tarefa 800,bug,baixa,24,30,2024-05-19,2024-05-20,2024-05-20,1
801,Tarefa 801,feature,alta,15,13,2024-03-04,2024-03-04,2024-03-04,0
802,Tarefa 802,bug,alta,19,26,2024-04-07,2024-04-07,2024-04-08,1
803,Tarefa 803,melhoria,média,21,21,2024-03-11,2024-03-11,2024-03-11,0
804,Tarefa 804,bug,média,11,20,2024-06-08,2024-06-08,2024-06-08,1
805,Tarefa 805,melhoria,alta,20,21,2024-02-12,2024-02-12,2024-02-12,1
806,Tarefa 806,bug,baixa,17,23,2024-02-20,2024-02-20,2024-02-20,1
807,Tarefa 807,feature,alta,20,17,2024-06-15,2024-06-15,2024-06-15,0
808,Tarefa 808,bug,média,4,9,2024-06-09,2024-06-09,2024-06-09,1
809,Tarefa 809,feature,alta,13,10,2024-03-31,2024-03-31,2024-03-31,0
810,Tarefa 810,melhoria,média,9,14,2024-05-25,2024-05-25,2024-05-25,1
811,Tarefa 811,melhoria,média,14,14,2024-01-08,2024-01-08,2024-01-08,0
812,Tarefa 812,bug,alta,14,17,2024-03-13,2024-03-13,2024-03-13,1
813,Tarefa 813,melhoria,alta,3,4,2024-02-01,2024-02-01,2024-02-01,1
814,Tarefa 814,feature,alta,24,33,2024-05-28,2024-05-29,2024-05-29,1
815,Tarefa 815,melhoria,média,12,10,2024-01-14,2024-01-14,2024-01-14,0
816,Tarefa 816,bug,baixa,15,23,2024-03-14,2024-03-14,2024-03-14,1
817,Tarefa 817,melhoria,alta,3,1,2024-04-28,2024-04-28,2024-04-28,0
818,Tarefa 818,bug,alta,19,24,2024-01-28,2024-01-28,2024-01-29,1
819,Tarefa 819,bug,alta,23,21,2024-06-11,2024-06-11,2024-06-11,0
820,Tarefa 820,feature,média,12,14,2024-05-18,2024-05-18,2024-05-18,1
821,Tarefa 821,bug,média,2,3,2024-03-29,2024-03-29,2024-03-29,1
822,Tarefa 822,feature,baixa,9,18,2024-01-28,2024-01-28,2024-01-28,1
823,Tarefa 823,bug,baixa,5,5,2024-03-26,2024-03-26,2024-03-26,0
824,Tarefa 824,melhoria,alta,4,10,2024-02-18,2024-02-18,2024-02-18,1
825,Tarefa 825,melhoria,alta,13,13,2024-05-18,2024-05-18,2024-05-18,0
826,Tarefa 826,melhoria,baixa,17,24,2024-02-08,2024-02-08,2024-02-09,1
827,Tarefa 827,melhoria,baixa,17,16,2024-03-23,2024-03-23,2024-03-23,0
828,Tarefa 828,feature,alta,18,27,2024-02-27,2024-02-27,2024-02-28,1
829,Tarefa 829,feature,média,11,10,2024-04-10,2024-04-10,2024-04-10,0
830,Tarefa 830,feature,média,14,20,2024-02-09,2024-02-09,2024-02-09,1
831,Tarefa 831,bug,alta,12,12,2024-01-02,2024-01-02,2024-01-02,0
832,Tarefa 832,bug,média,2,9,2024-03-26,2024-03-26,2024-03-26,1
833,Tarefa 833,melhoria,baixa,5,5,2024-05-29,2024-05-29,2024-05-29,0
834,Tarefa 834,feature,média,4,6,2024-05-28,2024-05-28,2024-05-28,1
835,Tarefa 835,melhoria,alta,6,7,2024-03-04,2024-03-04,2024-03-04,1
836,Tarefa 836,melhoria,média,5,10,2024-03-15,2024-03-15,2024-03-15,1
837,Tarefa 837,feature,baixa,2,2,2024-02-05,2024-02-05,2024-02-05,0
838,Tarefa 838,feature,média,17,23,2024-02-20,2024-02-20,2024-02-20,1
839,Tarefa 839,melhoria,alta,22,20,2024-04-17,2024-04-17,2024-04-17,0
840,Tarefa 840,bug,alta,19,29,2024-05-07,2024-05-07,2024-05-08,1
841,Tarefa 841,feature,alta,10,11,2024-02-06,2024-02-06,2024-02-06,1
842,Tarefa 842,bug,baixa,22,27,2024-01-12,2024-01-12,2024-01-13,1
843,Tarefa 843,melhoria,baixa,4,1,2024-01-06,2024-01-06,2024-01-06,0
844,Tarefa 844,feature,alta,18,28,2024-01-22,2024-01-22,2024-01-23,1
845,Tarefa 845,melhoria,alta,23,21,2024-02-16,2024-02-16,2024-02-16,0
846,Tarefa 846,melhoria,média,12,19,2024-03-25,2024-03-25,2024-03-25,1
847,Tarefa 847,feature,alta,13,10,2024-03-01,2024-03-01,2024-03-01,0
848,Tarefa 848,bug,média,22,27,2024-02-26,2024-02-26,2024-02-27,1
849,Tarefa 849,melhoria,alta,4,4,2024-03-11,2024-03-11,2024-03-11,0
850,Tarefa 850,bug,média,15,25,2024-06-20,2024-06-20,2024-06-21,1
851,Tarefa 851,feature,alta,2,3,2024-06-17,2024-06-17,2024-06-17,1
852,Tarefa 852,feature,alta,11,18,2024-01-26,2024-01-26,2024-01-26,1
853,Tarefa 853,feature,média,20,18,2024-05-23,2024-05-23,2024-05-23,0
854,Tarefa 854,melhoria,alta,16,25,2024-05-21,2024-05-21,2024-05-22,1
855,Tarefa 855,feature,média,9,10,2024-02-08,2024-02-08,2024-02-08,1
856,Tarefa 856,feature,alta,24,26,2024-04-14,2024-04-15,2024-04-15,1
857,Tarefa 857,feature,média,13,12,2024-04-10,2024-04-10,2024-04-10,0
858,Tarefa 858,feature,média,10,18,2024-06-28,2024-06-28,2024-06-28,1
859,Tarefa 859,bug,alta,11,10,2024-03-27,2024-03-27,2024-03-27,0
860,Tarefa 860,bug,baixa,8,13,2024-04-29,2024-04-29,2024-04-29,1
861,Tarefa 861,bug,alta,6,6,2024-06-05,2024-06-05,2024-06-05,0
862,Tarefa 862,melhoria,baixa,18,26,2024-04-11,2024-04-11,2024-04-12,1
863,Tarefa 863,feature,alta,4,1,2024-06-24,2024-06-24,2024-06-24,0
864,Tarefa 864,bug,média,9,19,2024-02-15,2024-02-15,2024-02-15,1
865,Tarefa 865,bug,alta,22,22,2024-02-04,2024-02-04,2024-02-04,0
866,Tarefa 866,melhoria,média,24,33,2024-06-07,2024-06-08,2024-06-08,1
867,Tarefa 867,melhoria,alta,9,6,2024-06-12,2024-06-12,2024-06-12,0
868,Tarefa 868,feature,baixa,14,22,2024-06-15,2024-06-15,2024-06-15,1
869,Tarefa 869,melhoria,baixa,4,5,2024-06-10,2024-06-10,2024-06-10,1
870,Tarefa 870,melhoria,alta,2,5,2024-06-08,2024-06-08,2024-06-08,1
871,Tarefa 871,melhoria,baixa,10,8,2024-06-24,2024-06-24,2024-06-24,0
872,Tarefa 872,melhoria,alta,3,11,2024-04-19,2024-04-19,2024-04-19,1
873,Tarefa 873,feature,baixa,9,9,2024-03-15,2024-03-15,2024-03-15,0
874,Tarefa 874,melhoria,baixa,12,20,2024-04-29,2024-04-29,2024-04-29,1
875,Tarefa 875,melhoria,alta,12,12,2024-05-31,2024-05-31,2024-05-31,0
876,Tarefa 876,feature,alta,13,19,2024-06-18,2024-06-18,2024-06-18,1
877,Tarefa 877,bug,baixa,11,11,2024-05-24,2024-05-24,2024-05-24,0
878,Tarefa 878,melhoria,baixa,23,28,2024-06-23,2024-06-23,2024-06-24,1
879,Tarefa 879,feature,média,21,19,2024-06-09,2024-06-09,2024-06-09,0
880,Tarefa 880,feature,alta,9,16,2024-05-18,2024-05-18,2024-05-18,1
881,Tarefa 881,feature,média,5,6,2024-06-11,2024-06-11,2024-06-11,1
882,Tarefa 882,melhoria,média,10,18,2024-04-08,2024-04-08,2024-04-08,1
883,Tarefa 883,melhoria,baixa,24,24,2024-06-02,2024-06-03,2024-06-03,0
884,Tarefa 884,feature,baixa,9,18,2024-02-25,2024-02-25,2024-02-25,1
885,Tarefa 885,feature,baixa,5,5,2024-05-14,2024-05-14,2024-05-14,0
886,Tarefa 886,feature,média,8,13,2024-06-02,2024-06-02,2024-06-02,1
887,Tarefa 887,feature,alta,22,23,2024-01-18,2024-01-18,2024-01-18,1
888,Tarefa 888,melhoria,alta,15,19,2024-03-10,2024-03-10,2024-03-10,1
889,Tarefa 889,bug,baixa,5,6,2024-03-26,2024-03-26,2024-03-26,1
890,Tarefa 890,melhoria,média,2,4,2024-06-19,2024-06-19,2024-06-19,1
891,Tarefa 891,melhoria,média,23,21,2024-05-28,2024-05-28,2024-05-28,0
892,Tarefa 892,bug,alta,19,28,2024-01-31,2024-01-31,2024-02-01,1
893,Tarefa 893,feature,baixa,7,6,2024-02-19,2024-02-19,2024-02-19,0
894,Tarefa 894,bug,alta,7,13,2024-01-08,2024-01-08,2024-01-08,1
895,Tarefa 895,melhoria,média,22,21,2024-02-01,2024-02-01,2024-02-01,0
896,Tarefa 896,feature,média,4,8,2024-05-31,2024-05-31,2024-05-31,1
897,Tarefa 897,feature,baixa,16,13,2024-05-17,2024-05-17,2024-05-17,0
898,Tarefa 898,melhoria,média,13,19,2024-02-18,2024-02-18,2024-02-18,1
899,Tarefa 899,feature,alta,11,12,2024-03-12,2024-03-12,2024-03-12,1
900,Tarefa 900,feature,média,2,5,2024-03-03,2024-03-03,2024-03-03,1
901,Tarefa 901,feature,alta,19,18,2024-04-08,2024-04-08,2024-04-08,0
902,Tarefa 902,melhoria,alta,16,20,2024-06-26,2024-06-26,2024-06-26,1
903,Tarefa 903,feature,média,20,17,2024-03-07,2024-03-07,2024-03-07,0
904,Tarefa 904,feature,baixa,2,4,2024-05-24,2024-05-24,2024-05-24,1
905,Tarefa 905,melhoria,média,18,17,2024-03-05,2024-03-05,2024-03-05,0
906,Tarefa 906,feature,baixa,22,30,2024-06-17,2024-06-17,2024-06-18,1
907,Tarefa 907,bug,alta,20,18,2024-05-28,2024-05-28,2024-05-28,0
908,Tarefa 908,feature,média,23,32,2024-01-22,2024-01-22,2024-01-23,1
909,Tarefa 909,feature,média,11,12,2024-03-20,2024-03-20,2024-03-20,1
910,Tarefa 910,bug,baixa,3,7,2024-05-26,2024-05-26,2024-05-26,1
911,Tarefa 911,bug,baixa,19,19,2024-01-19,2024-01-19,2024-01-19,0
912,Tarefa 912,feature,baixa,4,9,2024-06-13,2024-06-13,2024-06-13,1
913,Tarefa 913,bug,baixa,4,2,2024-01-20,2024-01-20,2024-01-20,0
914,Tarefa 914,bug,baixa,7,15,2024-02-26,2024-02-26,2024-02-26,1
915,Tarefa 915,feature,baixa,10,7,2024-01-01,2024-01-01,2024-01-01,0
916,Tarefa 916,feature,baixa,22,27,2024-01-29,2024-01-29,2024-01-30,1
917,Tarefa 917,melhoria,alta,2,1,2024-05-25,2024-05-25,2024-05-25,0
918,Tarefa 918,feature,baixa,9,16,2024-03-27,2024-03-27,2024-03-27,1
919,Tarefa 919,bug,alta,9,6,2024-02-25,2024-02-25,2024-02-25,0
920,Tarefa 920,feature,baixa,3,7,2024-02-26,2024-02-26,2024-02-26,1
921,Tarefa 921,bug,média,23,22,2024-03-03,2024-03-03,2024-03-03,0
922,Tarefa 922,feature,alta,7,15,2024-03-30,2024-03-30,2024-03-30,1
923,Tarefa 923,bug,alta,8,7,2024-01-04,2024-01-04,2024-01-04,0
924,Tarefa 924,feature,média,9,13,2024-02-13,2024-02-13,2024-02-13,1
925,Tarefa 925,bug,baixa,2,3,2024-01-09,2024-01-09,2024-01-09,1
926,Tarefa 926,feature,alta,15,20,2024-02-12,2024-02-12,2024-02-12,1
927,Tarefa 927,melhoria,alta,3,2,2024-04-05,2024-04-05,2024-04-05,0
928,Tarefa 928,bug,alta,8,13,2024-01-17,2024-01-17,2024-01-17,1
929,Tarefa 929,melhoria,alta,12,12,2024-01-11,2024-01-11,2024-01-11,0
930,Tarefa 930,melhoria,média,4,9,2024-01-23,2024-01-23,2024-01-23,1
931,Tarefa 931,bug,média,11,9,2024-01-28,2024-01-28,2024-01-28,0
932,Tarefa 932,bug,baixa,22,31,2024-02-03,2024-02-03,2024-02-04,1
933,Tarefa 933,melhoria,alta,14,13,2024-04-26,2024-04-26,2024-04-26,0
934,Tarefa 934,feature,alta,18,20,2024-06-15,2024-06-15,2024-06-15,1
935,Tarefa 935,bug,alta,19,16,2024-05-10,2024-05-10,2024-05-10,0
936,Tarefa 936,bug,baixa,22,25,2024-06-04,2024-06-04,2024-06-05,1
937,Tarefa 937,bug,média,24,23,2024-04-18,2024-04-19,2024-04-18,0
938,Tarefa 938,bug,baixa,2,8,2024-02-08,2024-02-08,2024-02-08,1
939,Tarefa 939,feature,baixa,11,8,2024-06-15,2024-06-15,2024-06-15,0
940,Tarefa 940,feature,baixa,7,15,2024-04-29,2024-04-29,2024-04-29,1
941,Tarefa 941,bug,baixa,23,20,2024-06-22,2024-06-22,2024-06-22,0
942,Tarefa 942,bug,média,22,31,2024-03-24,2024-03-24,2024-03-25,1
943,Tarefa 943,melhoria,média,7,4,2024-02-13,2024-02-13,2024-02-13,0
944,Tarefa 944,melhoria,baixa,19,25,2024-02-05,2024-02-05,2024-02-06,1
945,Tarefa 945,bug,alta,21,20,2024-05-16,2024-05-16,2024-05-16,0
946,Tarefa 946,feature,média,15,21,2024-03-26,2024-03-26,2024-03-26,1
947,Tarefa 947,melhoria,baixa,3,2,2024-05-29,2024-05-29,2024-05-29,0
948,Tarefa 948,bug,baixa,16,26,2024-06-12,2024-06-12,2024-06-13,1
949,Tarefa 949,bug,baixa,10,11,2024-04-06,2024-04-06,2024-04-06,1
950,Tarefa 950,bug,alta,24,28,2024-06-29,2024-06-30,2024-06-30,1
951,Tarefa 951,bug,alta,19,17,2024-05-13,2024-05-13,2024-05-13,0
952,Tarefa 952,bug,alta,17,26,2024-02-15,2024-02-15,2024-02-16,1
953,Tarefa 953,feature,média,16,16,2024-02-18,2024-02-18,2024-02-18,0
954,Tarefa 954,melhoria,baixa,11,16,2024-02-21,2024-02-21,2024-02-21,1
955,Tarefa 955,bug,média,17,18,2024-02-19,2024-02-19,2024-02-19,1
956,Tarefa 956,feature,média,18,21,2024-03-08,2024-03-08,2024-03-08,1
957,Tarefa 957,feature,baixa,15,13,2024-02-12,2024-02-12,2024-02-12,0
958,Tarefa 958,bug,baixa,18,21,2024-01-08,2024-01-08,2024-01-08,1
959,Tarefa 959,melhoria,baixa,2,1,2024-04-08,2024-04-08,2024-04-08,0
960,Tarefa 960,feature,alta,19,27,2024-05-31,2024-05-31,2024-06-01,1
961,Tarefa 961,bug,alta,6,7,2024-02-08,2024-02-08,2024-02-08,1
962,Tarefa 962,feature,alta,5,12,2024-01-11,2024-01-11,2024-01-11,1
963,Tarefa 963,feature,média,11,10,2024-05-18,2024-05-18,2024-05-18,0
964,Tarefa 964,feature,alta,19,28,2024-02-18,2024-02-18,2024-02-19,1
965,Tarefa 965,bug,baixa,18,18,2024-04-15,2024-04-15,2024-04-15,0
966,Tarefa 966,melhoria,baixa,6,9,2024-04-26,2024-04-26,2024-04-26,1
967,Tarefa 967,feature,baixa,10,11,2024-05-27,2024-05-27,2024-05-27,1
968,Tarefa 968,bug,alta,18,20,2024-04-08,2024-04-08,2024-04-08,1
969,Tarefa 969,melhoria,baixa,18,17,2024-04-14,2024-04-14,2024-04-14,0
970,Tarefa 970,melhoria,média,14,20,2024-02-03,2024-02-03,2024-02-03,1
971,Tarefa 971,bug,média,7,7,2024-05-01,2024-05-01,2024-05-01,0
972,Tarefa 972,feature,alta,10,15,2024-04-23,2024-04-23,2024-04-23,1
973,Tarefa 973,feature,alta,5,5,2024-06-12,2024-06-12,2024-06-12,0
974,Tarefa 974,feature,alta,13,23,2024-03-09,2024-03-09,2024-03-09,1
975,Tarefa 975,bug,alta,16,17,2024-05-19,2024-05-19,2024-05-19,1
976,Tarefa 976,melhoria,média,18,22,2024-02-04,2024-02-04,2024-02-04,1
977,Tarefa 977,bug,baixa,13,14,2024-06-27,2024-06-27,2024-06-27,1
978,Tarefa 978,melhoria,alta,23,27,2024-02-05,2024-02-05,2024-02-06,1
979,Tarefa 979,feature,média,5,4,2024-02-25,2024-02-25,2024-02-25,0
980,Tarefa 980,feature,alta,13,16,2024-02-26,2024-02-26,2024-02-26,1
981,Tarefa 981,bug,alta,15,13,2024-05-10,2024-05-10,2024-05-10,0
982,Tarefa 982,melhoria,baixa,19,22,2024-01-21,2024-01-21,2024-01-21,1
983,Tarefa 983,bug,média,16,14,2024-05-08,2024-05-08,2024-05-08,0
984,Tarefa 984,feature,baixa,7,12,2024-02-10,2024-02-10,2024-02-10,1
985,Tarefa 985,bug,alta,20,20,2024-03-14,2024-03-14,2024-03-14,0
986,Tarefa 986,feature,baixa,12,18,2024-01-19,2024-01-19,2024-01-19,1
987,Tarefa 987,melhoria,alta,14,15,2024-04-13,2024-04-13,2024-04-13,1
988,Tarefa 988,feature,alta,21,24,2024-04-05,2024-04-05,2024-04-06,1
989,Tarefa 989,bug,baixa,8,6,2024-04-24,2024-04-24,2024-04-24,0
990,Tarefa 990,bug,alta,4,13,2024-06-13,2024-06-13,2024-06-13,1
991,Tarefa 991,feature,média,13,12,2024-01-26,2024-01-26,2024-01-26,0
992,Tarefa 992,feature,média,20,25,2024-06-25,2024-06-25,2024-06-26,1
993,Tarefa 993,feature,média,4,1,2024-05-23,2024-05-23,2024-05-23,0
994,Tarefa 994,bug,baixa,24,32,2024-04-14,2024-04-15,2024-04-15,1
995,Tarefa 995,feature,média,13,14,2024-03-17,2024-03-17,2024-03-17,1
996,Tarefa 996,melhoria,média,7,17,2024-05-09,2024-05-09,2024-05-09,1
997,Tarefa 997,feature,baixa,21,22,2024-06-26,2024-06-26,2024-06-26,1
998,Tarefa 998,bug,alta,18,27,2024-06-07,2024-06-07,2024-06-08,1
999,Tarefa 999,bug,baixa,18,15,2024-01-16,2024-01-16,2024-01-16,0
1000,Tarefa 1000,melhoria,alta,17,27,2024-02-07,2024-02-07,2024-02-08,1
